Rk,Team,Conf,G,W-L,AdjOE,AdjOE_Rk,AdjDE,AdjDE_Rk,Barthag,Barthag_Rk,EFG%,EFG%_Rk,EFGD%,EFGD%_Rk,TOR,TOR_Rk,TORD,TORD_Rk,ORB,ORB_Rk,DRB,DRB_Rk,FTR,FTR_Rk,FTRD,FTRD_Rk,2P%,2P%_Rk,2P%D,2P%D_Rk,3P%,3P%_Rk,3P%D,3P%D_Rk,3PR,3PR_Rk,3PRD,3PRD_Rk,AdjT,AdjT_Rk,WAB,WAB_Rk
1,Duke,ACC,31,29-2,128.4,5,90.3,1,0.9828,1,57.4,14,45.8,10,15.5,94,18.5,72,37.2,16,24.9,9,37.9,105,22.7,2,61.0,4,46.2,16,35.3,100,30.1,14,44.2,86,45.6,339,66.0,264,12.0,2
2,Michigan,B10,30,28-2,128.7,4,90.9,2,0.9819,2,58.8,9,44.0,1,16.9,186,16.0,225,36.3,22,28.1,68,38.5,91,26.2,14,62.0,2,43.9,3,36.2,52,29.5,7,42.2,130,42.2,273,71.8,17,12.2,1
3,Florida,SEC,31,25-6,127.0,9,92.0,4,0.9759,3,54.0,70,46.0,11,16.1,137,15.4,258,42.7,2,24.8,7,38.5,91,33.8,144,58.3,19,44.8,6,31.3,310,32.2,77,37.4,224,33.4,22,70.7,30,8.1,5
4,Arizona,B12,31,29-2,125.6,13,91.2,3,0.9752,4,55.0,42,44.6,2,15.2,72,16.9,161,38.4,6,26.2,23,42.9,23,28.6,39,55.7,50,43.4,2,35.3,100,31.2,37,26.9,363,37.1,102,70.4,34,11.6,3
5,Illinois,B10,30,23-7,132.3,1,97.7,22,0.9704,5,55.1,38,47.3,26,13.4,10,11.7,365,39.1,3,26.7,29,32.9,238,19.6,1,57.5,28,47.1,30,35.2,109,31.8,53,51.2,9,41.2,242,65.9,270,6.5,13
6,Houston,B12,31,26-5,125.7,11,93.3,5,0.9685,6,52.3,138,46.9,19,12.7,2,21.4,10,36.0,26,31.0,201,26.6,355,39.0,281,52.7,146,46.6,21,34.5,155,31.5,48,41.6,140,41.7,260,63.5,351,7.8,7
7,Purdue,B10,31,23-8,131.5,2,101.2,39,0.9532,7,57.9,11,52.3,228,13.8,17,15.9,230,35.9,28,26.0,20,28.3,340,27.5,24,58.0,24,53.1,234,38.5,12,34.2,185,40.8,151,45.8,343,65.1,308,6.5,12
8,Connecticut,BE,31,27-4,123.7,24,95.2,12,0.9531,8,55.6,30,45.6,7,16.5,163,18.3,89,34.9,49,28.6,90,31.2,278,40.1,298,56.9,36,45.2,8,35.7,72,30.8,34,40.0,169,35.8,71,65.1,305,8.5,4
9,Iowa St.,B12,31,25-6,122.6,29,94.5,8,0.9524,9,56.3,21,49.8,89,15.1,69,22.4,4,35.4,37,28.3,75,34.9,185,28.3,35,55.5,52,50.6,121,38.3,15,32.5,88,38.7,196,43.1,296,67.3,191,6.4,14
10,Texas Tech,B12,31,22-9,127.3,7,99.2,27,0.9466,10,56.6,19,49.1,72,15.9,121,14.7,308,33.8,73,30.2,165,27.4,345,31.8,93,54.0,89,50.4,117,39.6,5,31.2,37,47.9,26,35.2,52,66.5,234,5.2,20
11,Michigan St.,B10,30,25-5,121.8,34,95.1,11,0.9452,11,53.7,79,47.7,37,17.3,225,14.9,298,38.7,4,22.5,1,36.4,147,30.1,64,54.0,89,47.4,36,35.6,77,32.0,64,36.7,235,46.1,344,65.9,269,7.9,6
12,Gonzaga,WCC,31,28-3,120.6,39,94.4,7,0.9439,12,56.3,21,46.5,16,13.6,14,20.7,15,35.0,46,25.0,10,31.0,285,31.8,93,58.6,18,46.2,16,34.0,172,31.2,37,30.7,346,43.5,310,69.5,76,6.6,11
13,Tennessee,SEC,31,21-10,121.9,31,95.9,14,0.9406,13,52.1,147,48.0,41,17.5,234,16.4,191,45.3,1,27.3,49,38.0,102,36.0,211,52.7,146,49.3,72,33.8,185,30.8,34,32.1,327,44.3,326,65.6,282,3.8,26
14,Louisville,ACC,31,22-9,125.8,10,99.0,26,0.9403,14,56.8,16,48.6,52,16.3,151,16.7,174,33.1,85,26.6,27,33.5,225,33.7,142,59.6,10,48.5,48,36.3,48,32.6,93,53.2,4,39.4,182,70.2,45,3.9,25
15,Vanderbilt,SEC,31,24-7,125.6,12,99.2,29,0.9377,15,55.6,30,48.5,50,13.6,14,18.0,100,31.3,147,30.3,178,38.4,94,41.5,315,57.7,26,49.4,75,35.4,95,31.4,45,43.9,92,38.4,144,69.6,69,5.9,15
16,Alabama,SEC,31,23-8,130.1,3,102.9,60,0.9369,16,55.6,30,49.1,72,13.2,7,12.7,361,32.3,115,33.0,298,37.1,132,33.0,124,57.6,27,48.6,55,35.9,63,33.3,137,53.9,1,35.3,55,73.0,4,6.9,9
17,Virginia,ACC,31,27-4,121.4,36,96.3,15,0.9351,17,54.4,59,45.4,6,15.9,121,15.8,234,38.3,7,28.7,98,33.9,215,33.0,124,55.4,55,45.2,8,35.5,87,30.5,27,46.8,34,37.6,118,65.8,272,6.8,10
18,Nebraska,B10,30,25-5,118.1,57,93.6,6,0.9349,18,55.6,30,47.3,26,14.3,29,19.1,47,26.4,312,27.4,55,26.8,351,24.8,6,58.2,22,50.1,103,35.3,100,29.6,9,50.6,15,49.0,360,66.9,215,7.1,8
19,Kansas,B12,31,22-9,119.4,47,94.8,10,0.9345,19,52.5,128,45.1,4,15.6,105,13.8,341,29.4,222,30.2,165,31.6,267,27.4,23,52.2,164,45.1,7,35.4,95,30.0,13,35.7,257,42.3,275,67.6,174,5.9,16
20,Arkansas,SEC,31,23-8,128.2,6,102.1,47,0.9324,20,56.7,18,51.5,181,12.3,1,16.1,220,32.2,118,31.7,237,36.5,145,32.0,100,56.3,42,54.1,278,38.3,15,31.5,48,33.4,310,38.6,152,71.2,23,5.8,17
21,St. John's,BE,31,25-6,119.1,50,95.6,13,0.9261,21,51.0,192,47.7,37,14.7,49,19.4,36,35.9,28,30.1,162,42.5,27,32.0,100,51.1,208,47.6,40,33.8,185,31.9,57,33.9,296,34.1,32,69.9,58,5.7,18
22,Wisconsin,B10,31,22-9,127.0,8,102.4,56,0.9222,22,54.7,50,51.3,169,12.9,4,14.5,319,29.7,213,27.3,49,32.9,238,31.2,83,55.0,61,51.9,188,36.3,48,33.6,155,51.8,6,40.1,204,69.1,99,4.2,23
23,Saint Mary's,WCC,31,27-4,119.7,46,97.7,23,0.911,23,53.0,109,46.3,15,16.4,156,15.4,258,37.6,12,23.7,4,35.9,160,25.8,12,50.1,251,46.4,20,38.8,10,30.7,32,36.0,251,36.7,91,65.5,286,4.5,22
24,Ohio St.,B10,31,20-11,125.3,16,102.4,53,0.9106,24,56.8,16,50.1,104,15.5,94,15.8,234,31.1,159,30.2,165,37.9,105,34.6,164,58.3,19,52.2,205,36.3,48,31.2,37,39.9,170,40.4,215,66.5,240,2.3,33
25,Iowa,B10,30,20-10,122.4,30,100.2,32,0.909,25,56.3,21,52.2,218,14.7,49,21.2,12,30.5,180,28.2,69,34.4,199,38.6,273,58.7,16,53.3,245,35.2,109,33.7,160,40.9,148,38.5,151,63.0,360,2.1,37
26,North Carolina,ACC,31,24-7,121.9,32,100.1,31,0.9057,26,54.5,56,47.9,40,14.0,22,13.7,343,31.5,141,28.6,90,37.7,110,23.3,3,56.6,38,46.0,14,34.4,159,34.1,178,42.0,134,37.0,96,67.9,157,5.4,19
27,UCLA,B10,31,21-10,124.3,19,102.4,54,0.9032,27,54.0,70,50.4,118,13.5,13,18.1,96,31.3,147,32.1,263,33.3,233,35.2,184,52.2,164,53.4,251,38.2,17,31.2,37,35.4,263,45.1,335,64.6,326,2.9,31
28,Santa Clara,WCC,31,24-7,123.7,23,103.0,64,0.8914,28,54.8,49,51.7,196,15.9,121,20.5,18,36.4,20,31.5,225,26.7,353,38.8,277,57.2,32,53.1,234,34.6,148,32.9,112,44.5,74,37.7,119,70.2,43,1.6,40
29,Indiana,B10,31,18-13,122.8,28,102.3,51,0.891,29,56.2,24,48.8,58,15.0,63,15.2,272,26.9,298,29.3,130,34.6,192,36.9,233,60.7,7,48.5,48,34.6,148,32.9,112,50.9,10,37.1,102,66.4,245,0.12,46
30,Cincinnati,B12,31,17-14,113.4,103,94.5,9,0.8905,30,50.7,207,48.0,41,16.9,186,18.6,68,30.9,168,27.0,38,29.4,319,30.1,64,51.0,211,48.4,46,33.5,204,31.7,51,43.9,92,40.6,224,67.9,159,-1.7,69
31,Villanova,BE,31,24-7,120.1,44,100.4,33,0.8872,31,54.1,66,51.1,161,15.3,78,18.6,68,32.8,97,31.2,213,31.6,267,29.0,45,54.5,74,51.3,157,35.7,72,33.7,160,45.6,55,37.0,96,65.0,311,4.5,21
32,Texas A&M,SEC,31,21-10,121.0,38,101.2,38,0.8862,32,54.5,56,50.7,135,14.6,44,18.5,72,32.4,112,32.0,255,37.8,109,35.9,208,54.2,84,52.8,227,36.5,40,31.9,57,46.1,45,41.4,249,71.2,22,1.9,38
33,Kentucky,SEC,31,19-12,120.5,40,100.9,35,0.8851,33,53.4,92,48.7,55,15.3,78,15.5,255,34.7,57,29.4,133,37.5,117,36.4,222,54.2,84,49.1,65,34.9,133,32.1,71,39.4,182,40.5,220,68.2,137,2.5,32
34,Clemson,ACC,31,22-9,115.9,75,97.1,19,0.8849,34,53.1,100,48.3,47,14.7,49,17.5,122,28.5,254,25.5,16,37.4,119,33.2,132,54.6,69,48.7,57,34.1,169,31.8,53,42.9,114,42.5,280,64.4,328,2.3,34
35,Utah St.,MWC,31,25-6,124.2,21,104.0,80,0.8844,35,57.0,15,49.9,96,15.5,94,20.3,20,33.8,73,32.6,286,38.6,88,39.1,285,59.6,10,49.0,63,35.5,87,34.2,185,41.4,142,41.4,249,67.6,173,3.0,30
36,Miami FL,ACC,31,24-7,121.2,37,101.6,43,0.8833,36,56.2,24,51.3,169,16.5,163,18.4,82,37.6,12,25.8,18,37.4,119,29.3,48,57.8,25,50.0,97,35.1,115,35.5,268,31.8,331,40.7,226,68.2,136,3.3,28
37,Georgia,SEC,31,22-9,125.4,14,105.2,98,0.8828,37,55.0,42,50.0,101,14.3,29,18.4,82,35.2,43,35.2,339,36.9,138,30.8,79,57.4,30,50.0,97,34.5,155,33.4,144,43.5,100,37.7,119,72.0,11,3.2,29
38,N.C. State,ACC,31,19-12,123.1,26,103.7,76,0.8774,38,55.1,38,52.5,241,13.2,7,18.3,89,28.6,246,30.5,186,34.5,196,36.6,226,53.6,101,52.5,220,38.0,20,35.0,240,44.0,90,45.2,336,69.1,94,0.27,45
39,BYU,B12,31,21-10,125.1,18,105.6,103,0.8753,39,54.6,54,51.1,161,14.9,58,15.7,242,34.2,65,28.9,106,35.0,181,28.3,35,56.4,41,50.2,108,34.7,146,35.0,240,40.2,165,39.5,184,69.8,64,4.0,24
40,Saint Louis,A10,31,27-4,120.4,42,102.3,52,0.8661,40,60.1,3,44.7,3,17.2,215,16.4,191,31.7,134,26.7,29,34.4,199,37.0,237,59.1,14,44.7,5,40.9,2,29.7,10,44.7,71,41.0,235,71.1,24,2.2,36
41,Texas,SEC,31,18-13,125.4,15,106.8,124,0.8636,41,54.6,54,51.3,169,15.2,72,13.7,343,36.1,24,27.1,43,46.2,2,41.0,308,55.9,45,49.6,85,34.9,133,36.4,320,36.1,247,33.9,30,67.0,210,0.36,43
42,Auburn,SEC,31,16-15,125.2,17,107.1,133,0.8577,42,52.7,120,54.1,301,14.7,49,16.5,185,38.0,10,32.5,282,45.4,5,35.1,179,54.0,89,53.2,242,33.9,179,36.9,339,38.8,194,40.4,215,67.4,181,0.03,47
43,San Diego St.,MWC,30,20-10,113.5,101,97.1,20,0.8573,43,53.2,99,48.6,52,17.0,202,20.6,16,29.1,231,31.0,201,37.4,119,39.5,291,53.2,125,47.0,27,35.5,87,33.5,150,34.0,292,47.9,357,68.9,108,-0.36,55
44,SMU,ACC,31,19-12,123.9,22,106.3,113,0.8532,44,55.9,27,51.6,189,15.8,115,17.2,138,35.0,46,31.6,228,32.1,254,32.6,115,55.5,52,51.5,167,37.8,23,34.4,204,35.3,266,46.9,351,69.1,98,-0.08,49
45,Missouri,SEC,31,20-11,120.2,43,103.2,66,0.8523,45,55.5,34,51.4,176,17.8,252,16.7,174,35.5,35,31.6,228,42.5,27,34.9,175,57.2,32,48.5,48,34.9,133,36.7,333,36.4,241,43.2,300,66.4,244,1.5,41
46,Oklahoma,SEC,31,17-14,124.2,20,106.8,122,0.8504,46,55.1,38,51.5,181,14.7,49,15.4,258,33.5,78,32.8,288,36.2,152,34.5,158,54.5,74,51.5,167,37.2,28,34.3,191,44.3,80,39.3,179,66.5,239,-0.9,63
47,Baylor,B12,31,16-15,123.5,25,106.5,116,0.8449,47,54.0,70,52.2,218,16.4,156,15.9,230,37.4,15,32.3,274,35.2,178,29.9,60,55.1,59,51.6,175,35.0,122,35.5,268,39.2,185,34.5,39,67.9,158,-1.7,70
48,TCU,B12,31,21-10,114.1,94,99.2,28,0.8326,48,50.9,201,51.3,169,15.6,105,20.1,21,34.1,67,28.8,102,39.0,81,29.5,50,51.7,182,51.1,142,32.9,234,34.3,191,36.9,231,38.8,156,67.6,175,2.3,35
49,Boise St.,MWC,31,20-11,118.8,51,103.6,72,0.8288,49,52.6,125,52.5,241,16.9,186,14.8,306,33.0,91,23.6,3,42.3,32,31.9,96,52.9,136,53.1,234,34.8,138,34.3,191,43.2,106,36.7,91,65.6,279,-1.2,64
50,New Mexico,MWC,31,22-9,116.5,70,101.9,46,0.8243,50,53.7,79,49.6,85,15.2,72,19.1,47,29.5,219,27.5,58,36.6,143,34.4,156,53.4,115,53.6,257,36.1,54,30.3,19,42.4,126,48.3,358,70.1,49,-0.01,48
51,Washington,B10,31,15-16,117.0,65,102.3,49,0.8238,51,51.4,179,49.9,96,15.5,94,14.4,325,34.3,62,28.6,90,30.2,306,31.9,96,53.7,97,49.9,94,31.2,314,33.3,137,34.4,284,37.8,122,67.2,197,-3.1,82
52,Virginia Tech,ACC,31,19-12,117.6,60,102.9,61,0.8233,52,52.4,133,50.6,127,14.9,58,17.4,128,31.2,153,32.8,288,33.8,219,28.1,31,51.8,178,53.9,266,35.6,77,30.4,22,39.9,170,39.7,193,67.3,190,-0.25,52
53,Grand Canyon,MWC,31,20-11,110.7,141,97.0,18,0.8197,53,51.6,171,47.3,26,17.7,245,17.4,128,31.6,139,25.3,14,38.2,98,37.4,245,54.3,82,47.0,27,31.5,302,31.8,53,39.0,191,38.6,152,68.0,144,-2.4,77
54,VCU,A10,31,24-7,119.1,49,104.5,86,0.819,54,54.3,62,48.9,61,15.5,94,17.1,144,33.1,85,30.0,156,44.6,10,34.4,156,54.1,87,48.5,48,36.4,44,33.0,120,44.3,80,34.0,31,69.2,90,1.0,42
55,Minnesota,B10,31,15-16,116.5,71,102.2,48,0.8187,55,54.0,70,51.8,201,16.4,156,17.2,138,27.3,287,29.8,147,36.3,149,27.2,21,55.9,45,51.8,183,34.5,155,34.4,204,47.2,31,41.7,260,62.6,362,-3.2,83
56,South Florida,Amer,30,22-8,117.8,58,103.5,69,0.8169,56,51.0,192,49.0,67,15.4,86,18.6,68,38.0,10,31.7,237,42.8,25,39.3,290,52.4,158,46.8,25,32.8,238,35.0,240,43.9,92,38.9,159,71.7,19,-0.7,61
57,UCF,B12,30,20-10,121.9,33,107.1,129,0.8154,57,54.0,70,52.6,247,15.8,115,15.6,250,34.6,60,28.4,79,31.1,282,34.9,175,52.6,150,54.1,278,37.8,23,33.7,160,34.5,283,40.0,200,69.4,82,1.6,39
58,Tulsa,Amer,30,24-6,122.8,27,108.0,154,0.8141,58,57.7,13,50.1,104,15.2,72,15.7,242,32.6,105,28.8,102,40.2,61,32.1,103,55.8,47,49.7,89,39.9,4,33.8,165,46.0,47,39.8,196,68.0,150,-0.6,58
59,Arizona St.,B12,31,16-15,116.6,69,102.9,62,0.8068,59,51.2,187,52.3,228,16.4,156,18.7,62,29.9,207,34.6,329,39.8,64,34.5,158,51.2,202,51.9,188,34.1,169,35.3,257,38.3,203,40.1,204,69.3,87,-1.3,66
60,Florida St.,ACC,31,17-14,117.4,64,103.7,74,0.806,60,51.6,171,52.0,209,15.4,86,18.9,55,31.3,147,33.1,302,34.8,186,32.4,110,54.4,78,52.1,201,32.5,254,34.6,217,50.7,13,44.6,330,70.8,27,-2.0,74
61,Stanford,ACC,31,20-11,117.6,62,104.1,83,0.8022,61,51.6,171,51.4,176,15.5,94,18.4,82,32.5,109,29.3,130,36.4,147,41.4,313,50.3,246,51.5,167,35.5,87,34.2,185,44.3,80,33.8,29,67.3,192,-0.11,51
62,West Virginia,B12,31,18-13,109.8,159,97.4,21,0.7984,62,51.3,182,48.2,45,17.0,202,18.0,100,30.9,168,28.5,85,35.3,173,29.6,53,52.7,146,45.5,10,33.0,229,35.0,240,42.9,114,38.4,144,62.6,363,-1.5,68
63,Seton Hall,BE,31,20-11,108.6,177,96.5,16,0.7948,63,47.8,315,47.3,26,16.9,186,21.8,6,35.9,28,32.1,263,35.6,167,41.9,318,48.6,295,45.8,12,30.5,330,32.8,103,27.0,362,42.2,273,65.2,301,-0.35,54
64,California,ACC,31,21-10,113.3,104,101.3,41,0.7841,64,51.9,155,49.0,67,14.9,58,16.3,207,25.2,334,30.5,186,37.3,124,37.4,245,50.3,246,51.4,163,36.1,54,30.3,19,42.7,120,41.2,242,68.0,147,-0.09,50
65,Northwestern,B10,31,13-18,116.4,72,104.1,85,0.7825,65,51.3,182,50.6,127,13.1,6,17.4,128,28.0,267,34.7,331,34.1,205,34.8,172,52.5,153,51.3,157,32.7,244,33.1,126,34.3,288,40.5,220,65.5,287,-4.2,94
66,Akron,MAC,31,26-5,118.7,52,106.2,111,0.7816,66,59.1,7,50.8,142,15.7,112,18.6,68,33.9,71,29.9,150,29.1,327,30.1,64,59.4,12,49.3,72,39.2,9,35.1,248,45.3,60,43.2,300,70.7,31,-0.6,59
67,Wake Forest,ACC,31,16-15,117.8,59,105.5,102,0.7796,67,52.4,133,52.3,228,15.4,86,18.2,92,30.1,194,32.0,255,34.8,186,36.6,226,53.4,115,54.8,302,34.1,169,33.1,126,43.9,92,47.3,354,68.6,114,-2.9,81
68,USC,B10,31,18-13,113.5,100,101.8,44,0.7765,68,50.4,222,49.8,89,17.4,228,16.4,191,32.7,101,32.6,286,44.9,8,33.6,139,51.9,173,52.3,212,31.6,297,30.6,29,34.2,291,40.4,215,70.8,29,-0.29,53
69,Northern Iowa,MVC,35,23-12,109.9,156,98.9,25,0.7702,69,54.2,63,47.2,23,14.5,38,18.1,96,22.0,354,26.3,24,25.7,363,29.3,48,55.3,56,50.0,97,34.9,133,28.9,3,39.6,179,41.5,254,62.2,365,-5.1,103
70,LSU,SEC,31,15-16,118.5,53,106.7,119,0.7687,70,52.8,118,50.8,142,15.7,112,14.1,330,33.1,85,31.7,237,41.2,47,37.9,260,54.2,84,49.1,65,33.3,213,35.6,279,34.6,281,38.0,127,66.6,230,-3.9,91
71,Butler,BE,31,16-15,117.4,63,105.9,107,0.7669,71,50.9,201,51.5,181,16.1,137,15.2,272,34.9,49,30.2,165,42.4,29,25.0,7,51.9,173,53.1,234,32.8,238,32.6,93,35.3,266,37.4,110,69.0,105,-3.6,89
72,Providence,BE,31,14-17,121.6,35,109.7,191,0.765,72,54.9,45,51.6,189,16.9,186,13.2,353,32.6,105,30.7,193,37.0,135,33.1,127,55.6,51,50.3,111,35.8,67,35.7,287,40.9,148,39.0,162,71.4,21,-5.2,107
73,Colorado,B12,31,17-14,118.1,56,106.8,123,0.7615,73,53.1,100,53.0,266,14.6,44,15.6,250,29.1,231,29.5,139,36.2,152,35.7,202,53.2,125,51.6,175,35.3,100,37.0,342,34.9,275,36.1,80,68.8,109,-2.0,73
74,Marquette,BE,31,12-19,111.9,119,101.4,42,0.7575,74,50.5,218,50.3,114,16.2,146,19.5,34,29.6,215,35.1,336,33.0,237,32.2,107,52.4,158,51.2,148,31.9,287,32.7,97,41.7,138,39.7,193,69.1,96,-6.8,142
75,Syracuse,ACC,31,15-16,115.7,76,104.9,91,0.756,75,52.6,125,50.1,104,15.9,121,17.6,117,29.2,228,33.1,302,36.0,159,33.4,136,54.3,82,49.5,82,33.2,222,34.1,178,36.6,237,35.5,61,67.5,179,-4.1,93
76,Belmont,MVC,32,26-6,120.5,41,109.3,181,0.7553,76,61.0,1,49.9,96,18.1,272,17.4,128,28.8,239,29.2,125,32.5,246,30.7,77,60.6,8,48.5,48,41.0,1,34.2,185,45.7,52,49.1,361,69.1,102,-0.5,57
77,Dayton,A10,31,21-10,111.1,133,101.0,37,0.7494,77,52.3,138,50.9,150,17.5,234,21.5,8,26.9,298,30.2,165,47.2,1,35.2,184,53.3,120,49.4,75,33.9,179,35.4,264,41.3,143,41.0,235,67.3,187,-1.7,71
78,Nevada,MWC,31,20-11,115.0,84,104.8,90,0.7447,78,49.8,247,51.7,196,14.6,44,17.3,134,32.4,112,27.6,60,45.5,4,38.9,280,47.1,327,51.2,148,36.9,31,34.9,231,32.5,324,43.0,292,65.7,278,-1.9,72
79,Stephen F. Austin,Slnd,31,27-4,113.7,97,103.7,75,0.7433,79,52.1,147,47.3,26,14.1,23,17.2,138,34.9,49,28.5,85,30.6,296,30.4,72,50.3,246,49.0,63,36.4,44,29.4,5,39.9,170,35.1,49,66.0,268,-0.4,56
80,Oklahoma St.,B12,31,18-13,116.9,66,106.7,118,0.742,80,52.2,141,52.7,253,16.3,151,16.3,207,30.7,175,30.3,178,39.4,70,32.5,111,52.6,150,52.3,212,34.2,165,35.5,268,36.5,239,43.0,292,72.3,9,-0.7,62
81,McNeese St.,Slnd,31,26-5,113.5,99,103.6,73,0.7419,81,51.1,190,49.0,67,14.2,26,24.7,1,35.0,46,35.9,350,38.8,84,42.4,329,53.5,111,48.9,61,31.1,316,32.8,103,35.4,263,46.8,350,66.3,248,0.29,44
82,Georgetown,BE,31,14-17,114.6,88,104.7,89,0.7393,82,49.9,242,50.3,114,15.5,94,16.4,191,32.0,125,31.7,237,38.0,102,35.6,199,50.7,223,50.4,117,32.3,264,33.4,144,35.6,258,41.1,239,66.6,226,-5.6,117
83,Mississippi,SEC,31,12-19,113.8,95,104.1,84,0.736,83,50.2,227,51.1,161,14.2,26,16.9,161,28.9,237,32.9,295,34.1,205,41.1,310,50.6,231,51.2,148,33.0,229,34.0,175,36.3,242,42.8,286,66.0,266,-5.9,129
84,George Washington,A10,31,17-14,117.6,61,107.7,143,0.7344,84,54.9,45,52.2,218,18.0,265,18.0,100,36.4,20,28.8,102,35.6,167,34.7,171,56.5,40,53.4,251,35.4,95,33.7,160,46.2,41,43.0,292,69.5,78,-7.3,148
85,Creighton,BE,31,15-16,115.7,77,106.0,108,0.7326,85,53.5,87,51.3,169,16.6,175,14.2,329,27.7,276,29.9,150,27.4,345,24.0,4,54.6,69,50.6,121,35.0,122,35.3,257,48.0,24,32.4,13,67.3,188,-3.5,88
86,Miami OH,MAC,31,31-0,116.8,67,107.1,132,0.7305,86,59.2,6,50.7,135,14.5,38,17.5,122,25.2,334,27.4,55,40.6,56,31.0,81,61.5,3,51.1,142,37.6,25,33.3,137,44.2,86,37.3,108,70.2,46,3.4,27
87,Oregon,B10,31,12-19,112.6,111,103.4,68,0.7267,87,49.7,252,51.0,156,17.8,252,15.7,242,32.7,101,32.1,263,34.8,186,32.1,103,50.5,235,51.5,167,32.4,257,33.5,150,42.9,114,41.8,265,66.1,259,-5.6,120
88,Wichita St.,Amer,31,21-10,111.9,120,102.9,63,0.7235,88,49.6,260,47.5,33,14.8,56,16.1,220,38.5,5,29.1,114,36.3,149,34.8,172,49.3,281,48.2,44,33.4,210,30.7,32,33.8,300,33.1,18,66.5,237,-3.5,87
89,Utah Valley,WAC,31,24-7,113.0,109,104.0,82,0.7212,89,55.3,36,49.1,72,20.2,349,21.4,10,35.2,43,31.6,228,37.3,124,39.7,294,57.5,28,47.6,40,33.8,185,34.8,225,32.9,319,32.9,16,69.1,101,-2.0,75
90,Colorado St.,MWC,31,20-11,119.2,48,109.8,195,0.7196,90,58.9,8,53.2,271,18.5,294,15.0,288,30.1,194,28.9,106,40.8,55,33.3,134,58.7,16,54.1,278,39.4,7,34.8,225,48.6,22,43.7,315,63.0,361,-2.6,78
91,Yale,Ivy,28,23-5,118.3,55,109.5,186,0.7074,91,56.1,26,51.8,201,14.2,26,16.6,180,32.8,97,28.3,75,36.3,149,27.9,29,54.0,89,51.8,183,40.0,3,34.6,217,35.9,253,44.9,331,65.2,304,-0.7,60
92,High Point,BSth,34,30-4,116.1,74,107.8,150,0.7002,92,54.7,50,50.1,104,13.0,5,21.9,5,32.1,121,31.7,237,42.9,23,36.4,222,57.1,34,51.6,175,34.4,159,31.9,57,42.9,114,41.4,249,70.0,56,-1.4,67
93,Xavier,BE,31,14-17,116.7,68,108.7,171,0.6942,93,51.8,158,53.9,289,13.9,21,15.6,250,26.5,310,29.1,114,27.2,350,33.2,132,49.5,275,54.6,297,36.7,34,35.1,248,40.4,159,35.7,68,70.4,40,-5.1,101
94,Wyoming,MWC,31,18-13,115.4,79,107.4,142,0.6939,94,52.5,128,52.2,218,16.7,179,16.7,174,34.3,62,27.3,49,35.9,160,48.1,360,54.4,78,53.9,266,33.4,210,32.8,103,43.5,100,36.1,80,66.4,246,-4.5,95
95,Saint Joseph's,A10,31,21-10,108.6,178,101.2,40,0.6914,95,49.4,273,47.4,31,16.9,186,15.2,272,31.2,153,30.9,198,30.6,296,26.8,17,52.5,153,47.1,30,30.5,330,31.9,57,45.8,50,39.6,189,68.3,132,-3.7,90
96,Davidson,A10,31,19-12,111.3,128,103.7,77,0.6907,96,53.0,109,50.6,127,16.1,137,17.7,114,28.8,239,30.2,165,32.0,256,36.5,224,52.2,164,51.9,188,36.0,60,32.4,83,43.7,96,37.1,102,63.9,345,-5.1,102
97,Mississippi St.,SEC,31,13-18,113.7,98,106.2,110,0.6865,97,51.7,164,51.0,156,16.1,137,12.9,358,30.0,201,30.8,197,30.9,288,32.2,107,53.7,97,51.1,142,32.6,248,33.8,165,40.3,163,39.3,179,69.5,73,-5.2,108
98,Hofstra,CAA,31,21-10,112.5,112,105.2,95,0.6846,98,51.7,164,46.1,12,16.4,156,15.1,278,34.2,65,30.6,191,31.9,259,34.5,158,48.8,290,44.1,4,37.0,29,32.7,97,42.6,123,40.9,230,65.2,303,-5.0,99
99,Notre Dame,ACC,31,13-18,115.2,82,107.8,148,0.683,99,52.3,138,51.8,201,17.0,202,14.0,335,31.2,153,26.7,29,34.1,205,36.2,215,51.4,197,53.6,257,35.6,77,33.2,133,43.5,100,47.4,355,66.1,258,-5.6,121
100,DePaul,BE,31,16-15,107.4,200,100.6,34,0.6814,100,50.1,230,49.5,81,17.9,259,18.7,62,30.4,184,30.9,198,35.8,164,38.0,263,51.2,202,47.4,36,32.2,268,35.8,291,39.1,189,34.2,35,66.6,224,-4.6,96
101,Cal Baptist,WAC,31,23-8,107.8,191,100.9,36,0.6812,101,48.4,305,46.1,12,18.1,272,16.9,161,38.1,9,27.4,55,37.1,132,37.2,241,47.8,314,47.1,30,33.1,226,29.4,5,31.9,330,32.0,10,66.0,267,-2.7,80
102,South Carolina,SEC,31,13-18,111.5,125,104.5,87,0.6782,102,50.3,225,51.0,156,14.4,34,14.7,308,26.6,306,32.3,274,37.0,135,33.7,142,53.6,101,53.2,242,30.8,325,31.4,45,44.3,80,35.4,58,66.5,241,-5.7,125
103,Kansas St.,B12,31,12-19,112.3,114,105.4,101,0.6748,103,53.1,100,52.1,216,17.5,234,17.2,138,29.3,226,33.7,315,26.6,355,35.6,199,52.5,153,53.1,234,35.9,63,33.6,155,41.1,146,38.4,144,72.7,7,-6.1,131
104,Seattle,WCC,33,20-13,102.8,288,96.7,17,0.6691,104,49.4,273,48.3,47,17.0,202,21.1,13,24.6,345,31.8,247,34.5,196,32.9,121,49.7,268,48.2,44,32.6,248,32.4,83,39.0,191,37.4,110,67.8,164,-5.3,111
105,Pacific,WCC,32,18-14,110.5,147,104.0,79,0.6663,105,52.4,133,49.8,89,20.2,349,15.1,278,34.9,49,24.3,5,30.8,290,37.1,239,51.4,197,48.6,55,36.1,54,34.3,191,35.0,272,42.3,275,64.7,322,-6.4,136
106,Sam Houston St.,CUSA,31,21-10,115.3,80,108.5,168,0.6662,106,53.1,100,51.2,165,16.7,179,16.1,220,35.4,37,29.8,147,34.1,205,36.5,224,50.6,231,53.1,234,38.4,14,32.4,83,35.9,253,41.9,268,70.2,41,-4.6,97
107,Pittsburgh,ACC,31,12-19,111.7,124,105.2,96,0.6649,107,50.8,205,52.7,253,17.4,228,16.4,191,33.5,78,28.4,79,30.4,304,30.9,80,51.3,200,53.5,255,33.3,213,34.4,204,42.9,114,40.9,230,63.9,342,-7.1,145
108,Illinois Chicago,MVC,34,19-15,110.0,152,104.0,78,0.6556,108,49.7,252,49.9,96,17.6,241,19.6,32,36.5,19,32.1,263,36.5,145,34.3,153,50.7,223,50.6,121,31.7,291,32.7,97,33.0,316,46.3,346,66.3,247,-8.5,178
109,Illinois St.,MVC,32,20-12,109.4,163,103.5,71,0.6536,109,53.6,83,50.0,101,16.8,182,16.4,191,28.6,246,25.3,14,31.8,262,33.1,127,54.6,69,49.9,94,34.8,138,33.4,144,42.4,126,34.5,39,66.9,213,-5.7,123
110,UNLV,MWC,31,16-15,116.3,73,110.1,200,0.6516,110,53.5,87,52.9,263,16.6,175,17.6,117,30.9,168,31.1,206,41.6,42,46.2,354,54.0,89,52.4,214,35.2,109,35.9,298,35.6,258,37.1,102,70.2,44,-5.9,127
111,UC Irvine,BW,32,22-10,103.7,271,98.2,24,0.6513,111,49.7,252,45.1,4,17.7,245,18.7,62,30.4,184,31.4,221,36.1,156,27.5,24,49.5,275,42.1,1,33.3,213,33.3,137,28.2,359,37.8,122,68.5,127,-5.2,106
112,St. Thomas,Sum,33,24-9,114.2,91,108.2,159,0.6504,112,59.4,4,50.9,150,13.8,17,17.1,144,22.3,352,27.1,43,34.4,199,30.4,72,63.6,1,53.5,255,36.4,44,31.4,45,46.5,36,41.2,242,68.5,125,-4.9,98
113,North Dakota St.,Sum,33,26-7,112.3,115,106.8,121,0.6409,113,53.4,92,51.8,201,15.6,105,18.9,55,33.7,75,26.0,20,30.6,296,29.1,47,53.4,115,53.0,231,35.5,87,33.6,155,42.8,119,44.3,326,66.6,229,-3.4,86
114,George Mason,A10,31,23-8,111.8,122,106.7,117,0.6317,114,53.3,94,49.5,81,15.9,121,15.8,234,31.1,159,28.5,85,42.2,35,28.0,30,54.7,66,50.0,97,33.7,190,32.6,93,35.2,269,43.3,304,63.7,347,-2.1,76
115,Liberty,CUSA,31,25-6,118.3,54,112.9,256,0.6304,115,60.2,2,52.7,253,13.8,17,17.3,134,18.6,365,32.8,288,32.0,256,25.7,10,61.0,4,50.2,108,39.6,5,38.0,356,48.6,22,37.2,107,63.9,341,-1.3,65
116,Utah,B12,31,10-21,114.8,85,109.7,192,0.6274,116,52.4,133,54.0,294,16.9,186,13.4,347,29.4,222,31.6,228,31.9,259,29.9,60,51.9,173,54.8,302,35.5,87,35.0,240,37.8,216,33.6,24,66.5,243,-8.5,177
117,Hawaii,BW,30,22-8,107.3,205,102.9,59,0.6185,117,52.5,128,46.8,17,18.8,309,16.9,161,30.5,180,25.1,12,43.2,20,37.2,241,55.2,57,47.3,35,32.2,268,30.4,22,39.8,173,32.3,11,69.8,62,-4.0,92
118,UC San Diego,BW,32,22-10,107.0,212,102.7,57,0.6149,118,52.9,114,48.4,49,16.3,151,16.9,161,26.3,314,27.2,47,30.8,290,29.6,53,55.1,59,48.5,48,33.3,213,32.2,77,42.1,132,43.6,313,67.4,182,-5.2,104
119,Rutgers,B10,31,13-18,111.7,123,107.3,137,0.6144,119,47.4,329,53.1,269,15.0,63,17.0,153,30.1,194,33.3,307,36.9,138,31.3,85,46.8,333,52.7,223,32.4,257,35.8,291,34.4,284,38.9,159,66.5,233,-5.5,115
120,Florida Atlantic,Amer,31,17-14,110.5,145,106.2,109,0.6129,120,52.2,141,50.1,104,17.3,225,15.8,234,31.8,132,28.5,85,32.6,245,35.2,184,53.6,101,49.4,75,33.4,210,34.1,178,38.7,196,36.4,88,69.9,59,-7.6,157
121,San Francisco,WCC,32,17-15,113.4,102,109.1,179,0.6078,121,51.3,182,50.6,127,15.9,121,13.9,340,31.1,159,29.0,109,40.3,58,29.5,50,51.0,211,50.6,121,34.4,159,33.6,155,46.1,45,35.5,61,65.9,271,-6.1,130
122,UC Santa Barbara,BW,31,18-13,114.4,90,110.2,202,0.607,122,55.1,38,52.5,241,18.8,309,16.9,161,31.2,153,25.9,19,36.8,140,42.6,331,53.5,111,53.3,245,38.0,20,34.1,178,44.2,86,35.6,65,64.2,336,-8.3,169
123,UT Rio Grande Valley,Slnd,31,18-13,111.3,129,107.2,134,0.6061,123,54.4,59,48.1,43,18.0,265,16.3,207,28.6,246,32.1,263,28.7,333,39.2,288,54.1,87,49.6,85,36.5,40,30.5,27,43.4,103,38.6,152,66.6,225,-7.5,154
124,Memphis,Amer,30,12-18,107.4,202,103.5,70,0.6039,124,48.7,297,48.5,50,19.0,320,19.0,52,34.9,49,35.9,350,33.5,225,43.0,338,49.3,281,51.3,157,31.7,291,29.9,12,33.7,301,43.1,296,70.1,53,-9.1,194
125,UNC Wilmington,CAA,32,26-6,111.0,135,107.0,126,0.6035,125,50.9,201,47.2,23,15.0,63,15.0,288,35.4,37,26.7,29,41.7,41,31.8,93,49.4,278,49.5,82,35.5,87,29.5,7,38.9,193,42.6,284,65.0,312,-2.7,79
126,Washington St.,WCC,32,12-20,114.7,86,110.8,210,0.5991,126,54.7,50,52.6,247,18.4,288,14.6,315,29.5,219,28.2,69,30.2,306,33.0,124,54.6,69,52.4,214,36.5,40,35.4,264,44.8,69,36.7,91,68.0,149,-11.3,239
127,Montana St.,BSky,31,18-13,111.1,132,107.4,140,0.596,127,53.6,83,51.4,176,14.9,58,15.8,234,27.3,287,28.6,90,30.9,288,29.5,50,53.6,101,51.2,148,35.8,67,34.5,212,45.0,65,34.5,39,66.0,261,-7.3,149
128,Duquesne,A10,31,17-14,110.7,140,107.1,131,0.5943,128,52.7,120,52.4,235,17.9,259,18.2,92,30.1,194,29.6,142,38.8,84,40.4,302,55.0,61,52.1,201,33.2,222,35.2,253,44.5,74,40.2,208,69.4,79,-7.1,144
129,Wright St.,Horz,32,21-11,113.1,107,109.6,189,0.59,129,54.5,56,52.5,241,16.5,163,16.4,191,33.5,78,28.8,102,37.2,127,33.1,127,54.5,74,53.9,266,36.3,48,33.3,137,33.7,301,34.7,43,66.8,219,-6.8,140
130,Southern Illinois,MVC,32,16-16,102.7,289,99.5,30,0.5894,130,49.2,286,49.0,67,17.0,202,18.5,72,30.9,168,27.3,49,31.3,276,31.4,87,52.2,164,51.5,167,27.8,364,30.4,22,29.2,356,41.5,254,69.1,97,-9.4,202
131,Maryland,B10,30,11-19,110.6,142,107.2,136,0.589,131,47.8,315,54.8,322,18.6,301,15.1,278,33.5,78,29.1,114,36.7,142,35.2,184,48.0,308,53.9,266,31.8,290,37.2,344,46.6,35,43.1,296,66.5,238,-5.1,100
132,UAB,Amer,30,19-11,108.4,181,105.2,93,0.5873,132,47.8,315,49.7,86,12.7,2,16.2,213,33.0,91,27.1,43,36.8,140,28.6,39,50.5,235,50.9,133,27.9,363,32.0,64,30.9,343,39.2,173,69.2,91,-5.3,110
133,Fresno St.,MWC,31,13-18,107.1,210,104.0,81,0.583,133,50.6,212,51.6,189,18.1,272,18.4,82,28.1,264,30.5,186,34.4,199,28.7,42,52.1,170,56.0,325,32.2,268,30.6,29,40.8,151,43.7,315,68.4,128,-9.5,206
134,Northern Colorado,BSky,31,20-11,112.2,116,109.2,180,0.577,134,55.9,27,49.7,86,15.8,115,12.4,363,27.2,291,24.3,5,27.3,348,38.3,267,58.3,19,52.0,199,35.1,115,30.4,22,41.7,138,34.9,45,68.5,122,-6.2,132
135,Murray St.,MVC,32,20-12,115.4,78,112.4,240,0.5769,135,53.8,77,52.3,228,16.2,146,16.0,225,33.0,91,31.3,215,39.1,77,32.9,121,55.0,61,51.5,167,34.8,138,36.3,315,44.8,69,27.3,2,71.9,14,-5.4,112
136,Bradley,MVC,33,21-12,111.1,131,108.3,160,0.5747,136,51.0,192,52.6,247,13.8,17,19.3,42,27.3,287,28.2,69,36.1,156,37.8,255,49.2,283,51.3,157,35.8,67,36.3,315,40.4,159,40.0,200,67.6,171,-5.9,128
137,Boston College,ACC,31,11-20,104.0,264,101.9,45,0.5606,137,47.0,336,48.9,61,15.4,86,14.9,298,28.3,259,28.6,90,32.4,247,34.6,164,49.1,285,49.6,85,29.4,347,31.9,57,42.4,126,39.0,162,66.0,265,-10.0,218
138,Toledo,MAC,31,17-14,114.6,87,112.4,242,0.556,138,54.0,70,54.6,316,14.5,38,18.1,96,30.2,192,33.9,318,31.1,282,26.7,16,53.6,101,55.8,323,36.6,37,35.3,257,32.3,325,40.2,208,68.1,140,-8.6,179
139,Penn St.,B10,31,12-19,114.1,92,112.1,234,0.552,139,52.9,114,58.5,363,15.3,78,17.8,111,26.0,322,31.0,201,33.9,215,27.1,20,55.8,47,58.4,353,32.1,276,39.1,363,38.2,208,43.5,310,67.6,172,-6.6,137
140,Central Arkansas,ASun,33,22-11,110.0,154,108.2,157,0.5483,140,54.1,66,54.8,322,15.5,94,18.9,55,28.5,254,26.8,34,31.3,276,29.6,53,55.2,57,57.4,345,35.2,109,34.9,231,48.7,20,52.0,364,68.0,148,-5.7,122
141,William & Mary,CAA,31,20-11,111.0,134,109.3,182,0.5453,141,54.7,50,51.7,196,16.5,163,19.3,42,25.9,324,31.1,206,43.2,20,35.1,179,58.2,22,53.7,263,33.3,213,32.8,103,42.7,120,45.0,334,72.9,5,-6.4,135
142,Navy,Pat,32,26-6,106.6,221,105.1,92,0.541,142,53.6,83,47.5,33,17.1,210,18.2,92,31.2,153,27.0,38,39.7,65,25.6,9,53.0,131,50.1,103,36.5,40,29.7,10,33.6,305,45.7,341,65.3,298,-3.2,84
143,Middle Tennessee,CUSA,31,17-14,110.0,155,108.4,164,0.5408,143,51.6,171,50.8,142,16.9,186,15.0,288,30.6,177,28.3,75,31.6,267,35.8,205,52.4,158,51.2,148,33.7,190,33.3,137,45.0,65,35.6,65,65.5,291,-7.9,166
144,Idaho,BSky,32,18-14,108.9,170,107.4,140,0.5395,144,51.7,164,50.8,142,15.4,86,15.3,265,29.5,219,24.8,7,33.6,223,40.0,295,50.9,217,49.4,75,35.0,122,35.5,268,48.0,24,35.5,61,67.4,183,-9.3,199
145,Rhode Island,A10,31,16-15,104.5,258,103.2,65,0.5373,145,50.0,234,50.7,135,19.1,323,21.6,7,31.0,165,31.6,228,39.2,72,42.7,334,53.6,101,49.6,85,30.2,339,34.9,231,43.3,105,41.6,257,66.1,255,-8.6,181
146,Eastern Washington,BSky,31,13-18,113.8,96,112.4,243,0.535,146,54.0,70,54.9,326,17.9,259,16.5,185,31.5,141,31.5,225,35.3,173,36.6,226,53.7,97,56.0,325,36.4,44,35.5,268,34.6,281,39.2,173,67.9,155,-11.4,240
147,Portland St.,BSky,29,19-10,103.6,275,102.4,55,0.5341,147,51.4,179,48.2,45,17.7,245,17.8,111,30.3,189,26.8,34,35.2,178,42.4,329,51.9,173,48.5,48,33.5,204,31.9,57,34.4,284,39.2,173,67.5,176,-5.5,114
148,North Texas,Amer,31,18-13,103.5,278,102.3,50,0.5337,148,46.4,345,48.7,55,17.2,215,21.5,8,34.1,67,33.3,307,38.6,88,43.8,343,47.8,314,49.8,91,29.0,354,31.2,37,32.3,325,38.1,133,64.9,318,-6.8,141
149,Arkansas St.,SB,32,20-12,110.0,153,108.8,172,0.532,149,51.7,164,50.3,114,19.8,342,14.9,298,38.2,8,27.0,38,39.1,77,37.0,237,53.6,101,50.8,129,32.9,234,32.9,112,44.9,68,38.8,156,72.2,10,-7.3,147
150,Temple,Amer,30,16-14,112.3,113,111.2,219,0.5295,150,50.5,218,50.5,122,13.7,16,15.3,265,30.1,194,30.3,178,41.6,42,35.1,179,50.1,251,51.7,179,34.2,165,32.3,81,36.3,242,36.0,76,65.1,309,-9.0,191
151,Robert Morris,Horz,32,22-10,110.5,146,109.4,184,0.5273,151,55.0,42,50.1,104,18.4,288,16.0,225,37.5,14,28.4,79,28.0,342,40.1,298,53.2,125,50.4,117,38.5,12,33.2,133,40.7,154,36.3,86,64.8,320,-5.8,126
152,Cornell,Ivy,27,15-12,119.9,45,118.8,337,0.5263,152,58.8,9,55.6,341,16.2,146,15.2,272,29.4,222,29.9,150,31.0,285,37.8,255,59.7,9,55.3,314,38.7,11,37.4,347,51.5,8,38.2,138,71.8,16,-7.6,159
153,Bowling Green,MAC,31,18-13,106.3,228,105.3,99,0.5262,153,51.6,171,50.8,142,16.5,163,18.5,72,28.8,239,26.7,29,37.2,127,37.8,255,51.5,191,51.6,175,34.6,148,33.1,126,34.4,284,41.8,265,68.3,131,-8.8,187
154,Loyola Marymount,WCC,32,15-17,106.8,215,105.9,106,0.5251,154,51.8,158,48.9,61,17.5,234,16.6,180,26.7,303,32.0,255,31.1,282,32.5,111,51.6,187,47.2,34,34.8,138,34.6,217,40.4,159,36.2,84,67.2,196,-10.1,219
155,Penn,Ivy,27,16-11,107.1,211,106.4,114,0.5202,155,50.4,222,52.0,209,15.5,94,17.7,114,30.9,168,30.1,162,36.6,143,28.6,39,46.6,337,54.8,302,38.2,17,31.8,53,34.8,278,39.1,171,69.3,83,-6.3,134
156,Troy,SB,31,20-11,111.0,136,110.2,204,0.5191,156,51.7,164,50.5,122,16.5,163,16.8,171,34.3,62,31.6,228,35.3,173,32.3,109,52.8,138,51.9,188,33.6,201,32.0,64,46.2,41,38.3,142,65.2,299,-6.3,133
157,Merrimack,MAAC,32,22-10,107.7,195,107.1,128,0.5166,157,49.7,252,46.9,19,15.0,63,20.0,25,25.1,340,39.7,365,38.9,83,37.6,250,50.2,249,47.5,39,32.8,238,30.3,19,46.3,40,33.1,18,63.5,350,-5.5,116
158,Valparaiso,MVC,33,18-15,107.9,189,107.3,138,0.5149,158,47.6,323,50.5,122,15.7,112,16.9,161,32.5,109,30.1,162,39.1,77,35.1,179,45.8,350,51.9,188,33.9,179,32.1,71,36.8,233,37.0,96,65.2,300,-8.2,168
159,Austin Peay,ASun,31,22-9,108.9,171,108.4,161,0.5137,159,53.0,109,52.2,218,15.4,86,17.9,106,29.7,213,28.9,106,37.6,113,32.8,120,53.0,131,53.9,266,35.3,100,33.2,133,38.0,212,40.8,229,69.3,85,-5.3,109
160,Harvard,Ivy,28,17-11,106.8,216,106.3,112,0.5132,160,53.5,87,50.7,135,17.2,215,17.3,134,26.7,303,28.7,98,26.7,353,27.2,21,53.9,96,51.9,188,35.2,109,32.5,88,39.8,173,39.0,162,63.3,356,-6.7,139
161,Georgia Tech,ACC,31,11-20,107.4,201,107.0,125,0.5126,161,50.0,234,49.9,96,18.6,301,15.6,250,29.9,207,30.7,193,33.3,233,34.2,152,48.7,293,50.1,103,35.1,115,33.1,126,33.2,314,44.4,328,71.0,25,-9.7,208
162,UC Davis,BW,31,18-13,108.3,183,107.8,149,0.5123,162,52.1,147,52.4,235,18.0,265,19.8,29,26.1,319,30.5,186,40.9,54,37.8,255,51.8,178,52.6,221,34.9,133,34.8,225,43.6,99,38.1,133,68.5,126,-7.7,162
163,Kent St.,MAC,31,23-8,110.9,138,110.6,209,0.5075,163,52.5,128,52.2,218,18.6,301,16.5,185,35.8,32,29.7,145,44.5,11,39.0,281,51.7,182,51.7,179,35.6,77,35.3,257,45.6,55,42.8,286,70.9,26,-3.3,85
164,Cal St. Northridge,BW,32,19-13,108.2,185,108.0,153,0.505,164,51.0,192,51.6,189,17.8,252,16.2,213,32.3,115,26.0,20,35.3,173,34.6,164,52.2,164,51.5,167,32.4,257,34.5,212,33.1,315,48.8,359,73.8,2,-7.7,161
165,Richmond,A10,31,15-16,110.6,143,110.4,206,0.5048,165,52.9,114,51.7,196,14.5,38,17.6,117,25.1,340,31.1,206,37.2,127,34.6,164,50.5,235,54.1,278,37.5,26,32.5,88,42.2,130,45.2,336,67.7,166,-10.0,217
166,Western Kentucky,CUSA,31,18-13,107.9,188,107.7,147,0.5044,166,47.3,330,51.0,156,14.4,34,17.4,128,31.8,132,29.4,133,40.5,57,46.0,352,45.9,347,50.6,121,33.0,229,34.3,191,39.3,184,42.8,286,69.9,60,-7.7,160
167,Kennesaw St.,CUSA,31,18-13,110.2,149,110.1,199,0.5038,167,50.5,218,49.1,72,16.8,182,15.9,230,35.4,37,30.2,165,44.2,13,48.4,361,50.4,241,46.9,26,33.7,190,35.0,240,43.7,96,38.0,127,71.6,20,-8.4,175
168,Oregon St.,WCC,31,16-15,109.7,162,109.8,193,0.4983,168,50.6,212,50.4,118,17.6,241,15.4,258,26.5,310,32.1,263,44.1,14,35.4,192,49.1,285,51.1,142,35.0,122,32.9,112,44.3,80,41.8,265,65.4,295,-7.4,151
169,Charleston,CAA,31,21-10,107.4,203,107.7,144,0.4908,169,50.8,205,48.9,61,15.8,115,14.7,308,30.0,201,31.8,247,41.6,42,26.5,15,53.3,120,49.4,75,31.1,316,32.2,77,38.1,210,44.0,319,67.9,151,-5.4,113
170,Green Bay,Horz,32,18-14,113.1,108,113.6,270,0.4887,170,54.9,45,53.3,276,16.1,137,13.4,347,25.3,332,29.1,114,41.8,39,37.6,250,54.9,64,53.1,234,36.6,37,35.8,291,37.6,221,43.4,308,63.1,358,-8.7,185
171,St. Bonaventure,A10,31,15-16,113.1,106,113.6,273,0.4875,171,52.2,141,54.0,294,16.9,186,17.0,153,34.7,57,29.2,125,29.0,330,33.9,148,50.7,223,53.6,257,37.0,29,36.4,320,31.6,334,41.1,239,67.2,199,-9.6,207
172,Montana,BSky,31,16-15,106.7,217,107.2,135,0.4864,172,55.8,29,51.4,176,19.7,339,15.0,288,21.3,361,29.4,133,35.8,164,31.6,92,56.3,42,52.2,205,36.7,34,33.4,144,41.5,141,38.1,133,69.3,84,-9.5,205
173,Winthrop,BSth,34,23-11,110.5,144,111.1,216,0.4855,173,49.7,252,51.4,176,14.7,49,16.7,174,34.1,67,27.7,62,44.0,15,39.0,281,49.7,268,53.0,231,33.2,222,32.9,112,44.1,89,42.8,286,70.0,55,-5.6,118
174,Charlotte,Amer,30,15-15,113.3,105,113.9,277,0.4842,174,53.8,77,51.1,161,18.0,265,14.0,335,33.6,76,32.2,270,37.0,135,38.0,263,54.4,78,51.2,148,35.4,95,33.9,172,44.4,78,40.0,200,63.6,348,-9.4,200
175,Massachusetts,MAC,31,16-15,110.3,148,111.0,212,0.4833,175,53.3,94,52.3,228,17.9,259,16.9,161,32.7,101,26.5,26,37.5,117,45.7,350,52.9,136,54.7,300,36.1,54,32.8,103,35.9,253,42.5,280,70.4,35,-10.9,233
176,Fordham,A10,31,17-14,103.9,267,104.6,88,0.4811,176,48.5,303,49.8,89,17.2,215,17.1,144,34.8,55,26.6,27,26.2,358,29.9,60,51.7,182,49.3,72,28.9,356,33.7,160,38.2,208,42.0,269,64.3,330,-8.8,186
177,FIU,CUSA,31,15-16,107.9,187,108.7,170,0.4804,177,50.6,212,52.6,247,17.6,241,20.1,21,33.6,76,35.1,336,38.3,96,35.7,202,49.7,268,51.4,163,35.0,122,36.0,301,33.0,316,44.9,331,71.9,13,-10.5,225
178,East Tennessee St.,SC,32,22-10,109.0,168,109.8,194,0.4786,178,55.4,35,50.9,150,15.1,69,18.4,82,28.8,239,27.3,49,34.7,190,36.3,219,57.0,35,52.4,214,35.1,115,32.8,103,37.8,216,47.4,355,66.3,250,-6.6,138
179,Campbell,CAA,33,16-17,111.5,126,112.6,250,0.4711,179,50.1,230,54.2,303,17.1,210,17.2,138,33.2,83,32.0,255,43.6,17,36.9,233,50.7,223,54.3,286,32.7,244,36.1,309,36.9,231,29.9,4,70.0,57,-10.0,216
180,Oakland,Horz,32,16-16,114.1,93,115.3,298,0.4709,180,52.7,120,54.7,317,14.7,49,15.1,278,31.3,147,34.4,324,38.1,100,24.6,5,53.0,131,57.0,341,34.7,146,34.3,191,34.0,292,41.7,260,70.1,50,-8.4,172
181,Monmouth,CAA,31,17-14,106.5,223,107.7,145,0.4683,181,49.7,252,50.4,118,16.7,179,19.4,36,31.7,134,32.1,263,32.3,251,31.9,96,48.3,304,49.8,91,35.0,122,34.3,191,34.3,288,38.3,142,67.0,211,-9.4,204
182,UT Arlington,WAC,30,17-13,101.9,299,103.2,67,0.4644,182,47.6,323,47.4,31,21.1,356,17.9,106,34.8,55,30.2,165,42.7,26,41.4,313,49.2,283,50.5,120,29.4,347,27.0,1,31.4,336,31.3,7,65.0,310,-7.4,150
183,Appalachian St.,SB,32,19-13,105.6,241,107.1,130,0.4595,183,49.9,242,47.5,33,15.3,78,14.0,335,32.0,125,29.0,109,39.1,77,31.2,83,53.6,101,47.0,27,30.4,333,32.2,77,45.9,48,41.4,249,63.1,359,-9.1,196
184,Utah Tech,WAC,32,18-14,110.9,137,112.5,246,0.4589,184,53.0,109,50.7,135,17.4,228,16.9,161,28.4,256,34.5,325,30.1,309,33.1,127,53.5,111,53.6,257,34.8,138,30.1,14,38.5,201,34.7,43,66.3,251,-7.4,152
185,Northern Kentucky,Horz,32,19-13,107.8,190,109.5,185,0.4575,185,53.0,109,53.9,289,16.5,163,19.0,52,31.7,134,32.3,274,35.6,167,36.6,226,56.1,44,53.3,245,32.9,234,36.6,329,45.3,60,38.6,152,69.8,63,-8.8,190
186,Portland,WCC,34,15-19,106.6,219,108.4,163,0.453,186,51.2,187,52.7,253,19.7,339,17.0,153,28.1,264,32.5,282,34.4,199,32.6,115,54.7,66,51.4,163,29.9,343,36.1,309,35.4,263,45.6,339,68.6,121,-10.4,223
187,New Orleans,Slnd,31,14-17,109.4,164,111.4,224,0.4474,187,50.0,234,48.7,55,20.7,354,14.4,325,35.5,35,34.6,329,46.0,3,40.0,295,51.0,211,49.1,65,32.0,280,32.0,64,34.0,292,40.1,204,70.1,54,-9.7,209
188,Jacksonville St.,CUSA,31,15-16,106.1,232,108.1,156,0.4462,188,49.6,260,49.8,89,16.9,186,16.2,213,30.0,201,27.9,67,43.1,22,38.6,273,47.1,327,50.0,97,35.9,63,33.0,120,38.0,212,43.3,304,65.2,302,-11.9,248
189,South Alabama,SB,32,21-11,107.2,208,109.3,183,0.4431,189,52.7,120,50.0,101,13.2,7,18.2,92,25.2,334,31.3,215,39.2,72,25.3,8,53.3,120,50.9,133,34.5,155,33.0,120,36.6,237,64.3,365,64.7,324,-7.5,153
190,New Mexico St.,CUSA,30,15-15,109.7,161,111.9,231,0.443,190,49.0,290,49.1,72,14.8,56,14.6,315,32.8,97,30.0,156,34.4,199,44.0,345,49.0,288,49.1,65,32.6,248,32.8,103,39.2,185,41.6,257,66.7,223,-10.7,230
191,Texas A&M Corpus Chris,Slnd,31,17-14,103.6,276,105.7,104,0.4427,191,48.8,296,50.6,127,18.8,309,19.5,34,31.0,165,28.6,90,42.3,32,47.1,358,47.9,311,51.9,188,33.8,185,32.1,71,31.1,340,35.1,49,66.5,232,-8.4,173
192,Youngstown St.,Horz,32,15-17,106.7,218,108.9,175,0.4422,192,53.7,79,52.3,228,18.8,309,17.8,111,30.4,184,30.7,193,31.4,273,36.0,211,56.6,38,51.7,179,33.8,185,35.5,268,49.4,17,34.3,37,67.3,185,-12.6,262
193,Drexel,CAA,32,17-15,103.2,282,105.4,100,0.4405,193,50.9,201,47.0,22,18.9,315,16.2,213,31.1,159,31.1,206,31.9,259,35.4,192,49.6,272,47.7,42,35.3,100,30.4,22,40.1,168,34.1,32,64.2,335,-10.9,235
194,UMBC,AE,30,22-8,107.2,207,109.5,187,0.4384,194,53.7,79,49.5,81,14.3,29,15.2,272,24.7,344,25.0,10,33.1,236,25.8,12,54.0,89,49.8,91,35.5,87,32.7,97,38.6,199,37.5,113,66.1,256,-5.2,105
195,Detroit Mercy,Horz,30,16-14,109.9,157,112.3,238,0.4377,195,50.0,234,52.5,241,16.1,137,14.1,330,33.1,85,30.5,186,32.4,247,37.6,250,48.8,290,53.9,266,35.1,115,33.8,165,31.4,336,43.1,296,69.1,95,-9.1,195
196,Missouri St.,CUSA,31,14-17,108.9,172,111.3,221,0.4361,196,50.3,225,52.2,218,16.9,186,17.1,144,32.2,118,31.4,221,44.3,12,41.2,311,51.5,191,51.9,188,32.4,257,35.2,253,41.0,147,35.9,74,65.7,276,-12.3,257
197,Towson,CAA,32,18-14,102.9,286,105.2,97,0.4355,197,46.3,348,48.8,58,16.1,137,15.2,272,35.4,37,28.7,98,31.2,278,29.7,56,48.0,308,50.2,108,28.8,359,31.2,37,35.3,266,41.2,242,63.9,343,-8.3,170
198,Cal St. Fullerton,BW,32,17-15,108.7,175,111.2,218,0.4348,198,52.0,151,55.1,329,15.1,69,19.4,36,24.6,345,28.4,79,37.3,124,35.1,179,52.1,170,57.5,347,34.6,148,34.9,231,43.2,106,46.7,348,72.8,6,-8.7,184
199,Weber St.,BSky,31,16-15,111.4,127,114.0,279,0.4333,199,51.6,171,54.3,306,15.8,115,16.2,213,32.0,125,27.5,58,39.0,81,35.9,208,51.4,197,57.1,343,34.8,138,33.3,137,32.8,321,38.8,156,68.7,110,-9.8,214
200,Furman,SC,32,20-12,106.4,225,109.0,176,0.433,200,54.4,59,49.8,89,17.8,252,13.5,345,30.9,168,27.8,65,31.6,267,28.2,33,58.9,15,50.1,103,32.8,238,33.0,120,46.4,38,42.3,275,66.1,257,-8.8,188
201,Queens,ASun,33,20-13,114.5,89,117.3,317,0.4302,201,56.5,20,54.0,294,14.6,44,15.1,278,30.0,201,33.0,298,36.1,156,39.2,288,59.2,13,54.5,294,35.6,77,35.5,268,46.4,38,39.2,173,69.6,71,-7.1,146
202,Howard,MEAC,31,21-10,104.2,263,106.7,120,0.4302,202,51.0,192,47.6,36,19.9,346,21.0,14,36.2,23,31.9,254,42.4,29,38.8,277,50.0,256,48.8,59,35.3,100,30.1,14,34.3,288,33.7,28,69.2,89,-6.9,143
203,Marist,MAAC,30,19-11,100.2,325,102.8,58,0.428,203,49.4,273,45.7,9,16.4,156,19.6,32,28.7,243,28.3,75,25.9,360,37.8,255,50.0,256,47.4,36,32.1,276,28.6,2,35.0,272,37.0,96,66.3,249,-8.4,171
204,Indiana St.,MVC,32,11-21,106.3,227,109.1,178,0.4262,204,52.8,118,50.2,111,19.5,336,14.9,298,26.2,316,31.8,247,27.4,345,28.8,43,57.4,30,52.0,199,31.5,302,31.3,44,45.2,63,34.4,38,68.3,133,-14.6,296
205,La Salle,A10,31,9-22,106.0,235,108.8,172,0.4252,205,45.4,357,54.5,313,18.3,285,17.1,144,33.5,78,31.6,228,37.4,119,31.9,96,45.4,353,55.0,309,30.2,339,35.9,298,31.8,331,42.5,280,65.6,281,-13.9,284
206,Mercer,SC,32,19-13,111.2,130,114.2,281,0.4245,206,53.1,100,52.5,241,15.0,63,17.0,153,32.6,105,33.2,305,39.2,72,29.7,56,53.0,131,51.3,157,35.6,77,36.2,312,39.2,185,42.1,272,69.0,104,-8.4,176
207,Columbia,Ivy,28,16-12,108.3,182,111.2,220,0.4239,207,53.5,87,51.2,165,19.3,332,15.0,288,36.1,24,27.2,47,28.6,336,33.5,137,53.2,125,50.3,111,35.9,63,35.2,253,37.5,223,36.0,76,66.8,220,-7.7,163
208,Siena,MAAC,32,21-11,107.5,198,110.4,207,0.4224,208,50.7,207,49.3,78,15.8,115,17.6,117,31.5,141,29.5,139,33.6,223,28.2,33,53.4,115,49.1,65,29.9,343,33.0,120,32.0,329,39.1,171,64.7,323,-7.9,165
209,Louisiana Tech,CUSA,31,18-13,102.3,298,105.2,94,0.4205,209,47.7,322,48.6,52,18.8,309,18.0,100,35.9,28,31.1,206,33.5,225,35.5,195,49.9,261,46.2,16,28.9,356,34.3,191,33.5,307,47.0,352,64.3,333,-8.7,183
210,Marshall,SB,31,19-12,112.7,110,116.0,304,0.419,210,54.9,45,50.5,122,16.5,163,16.3,207,32.0,125,33.5,311,29.1,327,41.0,308,54.7,66,50.3,111,36.7,34,33.8,165,44.3,80,39.6,189,69.5,75,-7.6,158
211,Tulane,Amer,30,17-13,106.5,224,109.6,190,0.4181,211,49.6,260,50.8,142,15.9,121,17.1,144,22.0,354,35.2,339,44.7,9,37.2,241,51.0,211,50.1,103,32.0,280,34.6,217,44.5,74,40.4,215,67.1,206,-7.5,156
212,James Madison,SB,33,18-15,109.3,166,112.6,248,0.4151,212,53.1,100,49.0,67,17.3,225,12.8,359,30.6,177,29.5,139,35.9,160,40.8,305,53.2,125,48.9,61,35.4,95,32.7,97,42.5,125,38.2,138,66.0,263,-10.3,222
213,San Diego,WCC,33,12-21,108.8,173,112.4,244,0.4063,213,51.2,187,54.7,317,17.5,234,18.9,55,28.1,264,34.5,325,25.8,361,38.8,277,50.8,221,58.5,356,34.6,148,32.7,97,43.7,96,40.1,204,68.2,138,-13.4,276
214,Drake,MVC,34,14-20,109.8,160,113.5,264,0.4057,214,51.4,179,52.6,247,15.0,63,14.6,315,26.6,306,29.9,150,33.5,225,32.0,100,51.7,182,51.1,142,34.0,172,36.4,320,45.7,52,43.3,304,67.2,200,-13.5,277
215,Rice,Amer,30,12-18,109.3,165,113.1,259,0.4033,215,48.6,301,51.5,181,18.3,285,16.0,225,35.1,45,34.5,325,34.6,192,40.7,303,45.9,347,51.3,157,34.8,138,34.4,204,43.4,103,35.3,55,65.7,277,-12.2,254
216,Tarleton St.,WAC,31,14-17,103.7,272,107.4,139,0.4,216,48.4,305,53.5,280,20.1,348,23.5,3,31.6,139,35.6,345,41.2,47,46.1,353,48.4,302,54.3,286,32.3,264,35.0,240,24.3,365,40.9,230,69.4,81,-10.9,236
217,Tennessee St.,OVC,32,23-9,108.3,184,112.3,237,0.3967,217,50.1,230,51.2,165,16.5,163,20.0,25,34.9,49,29.9,150,33.5,225,41.6,316,49.9,261,51.8,183,33.7,190,33.5,150,30.7,346,36.0,76,70.2,42,-5.6,119
218,Bethune Cookman,SWAC,31,17-14,104.3,260,108.4,165,0.3912,218,51.1,190,49.5,81,19.2,329,15.7,242,30.0,201,31.7,237,41.2,47,38.6,273,51.6,187,50.0,97,33.3,213,32.4,83,30.1,352,33.3,21,69.3,88,-7.5,155
219,South Dakota St.,Sum,32,14-18,107.8,193,112.1,235,0.3895,219,52.0,151,51.8,201,16.1,137,14.5,319,30.3,189,25.1,12,29.7,316,34.5,158,52.7,146,52.4,214,34.0,172,34.1,178,38.8,194,47.0,352,67.1,207,-12.7,264
220,Southern Miss,SB,34,19-15,104.9,255,109.1,177,0.3892,220,49.3,279,51.5,181,18.4,288,17.6,117,32.1,121,28.4,79,43.8,16,42.7,334,51.3,200,50.9,133,29.6,346,34.9,231,28.7,358,39.6,189,69.1,100,-10.2,221
221,Quinnipiac,MAAC,32,19-13,104.0,265,108.2,158,0.3874,221,48.2,309,48.9,61,15.9,121,17.4,128,34.1,67,32.0,255,33.8,219,30.6,75,46.7,336,47.1,30,34.0,172,34.9,231,33.7,301,35.4,58,70.2,48,-8.6,182
222,Buffalo,MAC,31,17-14,112.1,117,116.6,309,0.3874,222,55.3,36,55.2,332,16.0,134,18.0,100,27.4,284,31.3,215,39.7,65,31.4,87,54.0,89,57.0,341,37.9,22,35.1,248,45.4,58,42.0,269,66.5,231,-9.7,210
223,Cal Poly,BW,32,14-18,109.8,158,114.3,286,0.3859,223,51.8,158,53.9,289,20.0,347,16.2,213,30.1,194,29.9,150,35.3,173,33.8,144,53.6,101,55.0,309,33.5,204,34.9,231,52.7,5,40.9,230,74.3,1,-11.7,245
224,Ohio,MAC,31,15-16,108.4,180,113.0,258,0.3827,224,51.0,192,53.0,266,15.4,86,16.4,191,28.4,256,33.0,298,36.2,152,37.9,260,54.4,78,51.9,188,30.3,335,36.8,338,38.0,212,33.6,24,69.0,106,-10.7,229
225,Western Carolina,SC,30,15-15,110.1,151,114.9,293,0.3791,225,50.6,212,54.9,326,16.6,175,14.5,319,35.3,42,26.4,25,30.8,290,37.7,254,50.7,223,54.8,302,33.7,190,36.7,333,40.6,155,43.6,313,68.1,143,-9.7,211
226,Stony Brook,CAA,32,17-15,105.7,240,110.6,208,0.3725,226,50.2,227,50.7,135,16.8,182,17.1,144,28.0,267,32.4,279,28.4,338,35.4,192,48.5,299,48.8,59,34.8,138,35.7,287,45.8,50,39.8,196,66.2,254,-10.6,228
227,San Jose St.,MWC,31,8-23,111.9,121,117.1,314,0.372,227,49.3,279,57.4,360,15.3,78,17.5,122,29.6,215,36.1,354,32.7,244,35.5,195,47.1,327,59.1,361,35.2,109,36.5,324,37.8,216,39.5,184,64.9,314,-13.7,280
228,Texas St.,SB,32,19-13,104.6,257,109.9,197,0.3618,228,50.0,234,52.0,209,18.6,301,18.5,72,33.9,71,28.4,79,34.0,211,39.1,285,50.5,235,51.1,142,32.2,268,35.7,287,24.6,364,37.5,113,66.3,252,-9.7,213
229,Georgia Southern,SB,35,20-15,110.8,139,116.5,307,0.3597,229,51.7,164,52.0,209,14.5,38,18.5,72,28.6,246,35.1,336,39.7,65,41.9,318,52.8,138,52.4,214,33.7,190,34.3,191,49.0,19,39.5,184,70.4,36,-11.3,238
230,Coastal Carolina,SB,32,19-13,102.3,297,107.7,146,0.3549,230,47.9,312,46.8,17,15.2,72,12.3,364,26.9,298,27.6,60,32.3,251,34.9,175,46.1,346,45.5,10,33.5,204,32.8,103,43.1,110,35.7,68,67.2,202,-8.8,189
231,Denver,Sum,32,15-17,115.2,83,121.5,353,0.3511,231,53.6,83,56.0,343,14.3,29,13.0,356,29.8,209,32.8,288,34.1,205,36.8,230,52.6,150,56.6,338,36.8,32,36.7,333,38.6,199,37.0,96,68.1,141,-10.8,232
232,Lipscomb,ASun,32,19-13,105.4,246,111.3,223,0.3484,232,54.1,66,53.2,271,16.0,134,17.7,114,25.8,325,30.2,165,26.0,359,29.0,45,54.5,74,54.3,286,35.7,72,34.3,191,47.9,26,40.2,208,69.5,74,-7.7,164
233,LIU,NEC,33,23-10,103.6,274,109.6,188,0.3458,233,53.1,100,49.7,86,19.3,332,19.1,47,34.7,57,33.0,298,34.1,205,34.5,158,52.8,138,50.9,133,35.8,67,31.5,48,29.3,355,33.6,24,67.9,154,-5.7,124
234,Samford,SC,32,18-14,108.1,186,114.3,285,0.3449,234,53.1,100,51.9,208,13.4,10,13.0,356,25.3,332,25.7,17,41.9,38,32.9,121,52.8,138,50.3,111,35.6,77,36.5,324,45.7,52,35.9,74,67.4,184,-9.7,212
235,Old Dominion,SB,33,12-21,106.4,226,112.6,247,0.3444,235,50.7,207,50.8,142,15.4,86,14.5,319,26.0,322,30.3,178,34.7,190,42.0,322,48.8,290,52.4,214,36.0,60,32.0,64,36.2,245,36.4,88,69.0,107,-15.4,312
236,Eastern Michigan,MAC,31,10-21,101.8,303,107.9,151,0.3403,236,49.6,260,50.3,114,17.4,228,15.6,250,27.8,271,29.1,114,29.3,322,35.5,195,50.0,256,50.8,129,32.4,257,32.9,112,31.8,331,35.6,65,66.5,235,-14.6,297
237,Florida Gulf Coast,ASun,34,16-18,105.5,242,111.9,229,0.3378,237,52.0,151,53.4,277,15.9,121,16.5,185,31.1,159,28.2,69,29.1,327,38.3,267,53.3,120,53.6,257,33.2,222,35.4,264,38.4,202,46.2,345,67.7,168,-13.3,275
238,Nebraska Omaha,Sum,33,16-17,106.3,229,112.7,252,0.3374,238,52.2,141,52.7,253,16.1,137,14.1,330,25.5,331,28.7,98,34.5,196,33.6,139,53.0,131,55.6,317,34.0,172,32.9,112,40.9,148,45.5,338,67.2,195,-12.2,255
239,Saint Peter's,MAAC,29,17-12,103.4,279,109.8,196,0.3345,239,46.4,345,48.1,43,17.7,245,20.0,25,37.0,17,34.7,331,35.5,171,46.4,355,46.2,344,48.0,43,31.0,320,32.1,71,38.7,196,35.5,61,65.6,284,-8.4,174
240,Radford,BSth,32,16-16,106.8,214,113.5,265,0.3339,240,51.3,182,53.0,266,17.1,210,18.5,72,29.8,209,32.2,270,42.4,29,40.0,295,52.3,161,52.9,230,33.5,204,35.5,268,45.4,58,37.9,124,70.8,28,-11.7,246
241,Boston University,Pat,32,16-16,112.0,118,119.1,342,0.3313,241,57.8,12,54.0,294,17.7,245,13.3,351,28.0,267,27.0,38,31.2,278,29.9,60,56.9,36,53.3,245,39.3,8,36.7,333,44.0,90,41.5,254,63.3,355,-13.0,268
242,Southern,SWAC,31,15-16,106.0,234,112.7,253,0.3301,242,48.9,292,53.2,271,16.5,163,18.7,62,31.0,165,31.6,228,41.0,52,43.8,343,47.5,322,52.6,221,34.6,148,36.0,301,32.1,327,38.2,138,70.4,38,-10.1,220
243,Long Beach St.,BW,32,10-22,104.4,259,111.0,213,0.3301,243,50.6,212,53.7,286,18.0,265,17.5,122,26.2,316,27.8,65,30.7,294,42.3,328,51.5,191,54.8,302,32.7,244,34.4,204,34.8,278,35.3,55,68.5,123,-15.7,316
244,American,Pat,32,16-16,105.4,244,112.4,239,0.3251,244,51.5,178,54.4,309,15.6,105,19.2,45,26.9,298,29.4,133,28.7,333,42.1,324,53.3,120,55.1,312,33.0,229,35.5,268,46.5,36,37.0,96,66.8,221,-11.6,244
245,Central Michigan,MAC,31,10-21,106.6,220,113.7,274,0.3229,245,51.8,158,54.0,294,18.1,272,17.0,153,29.2,228,34.3,321,31.4,273,39.0,281,52.2,164,54.4,291,33.9,179,35.5,268,34.0,292,38.4,144,67.1,203,-15.4,311
246,Iona,MAAC,32,18-14,103.9,266,110.9,211,0.3227,246,51.9,155,48.9,61,17.2,215,16.6,180,27.8,271,31.2,213,29.3,322,28.8,43,51.2,202,51.0,137,35.1,115,30.6,29,45.9,48,40.7,226,69.2,92,-10.4,224
247,Princeton,Ivy,29,9-20,105.3,249,112.4,241,0.3211,247,49.6,260,52.0,209,17.1,210,14.3,328,27.2,291,28.5,85,34.6,192,34.0,150,48.6,295,55.7,320,33.9,179,31.1,36,44.5,74,41.4,249,63.9,344,-14.9,301
248,Fairfield,MAAC,33,21-12,106.0,233,113.2,260,0.3203,248,49.1,289,50.9,150,15.6,105,16.9,161,36.0,26,29.1,114,28.4,338,29.8,59,48.4,302,51.0,137,33.5,204,33.8,165,35.5,262,36.0,76,67.2,198,-9.0,193
249,Colgate,Pat,33,18-15,107.7,194,115.0,294,0.3199,249,53.3,94,52.2,218,14.6,44,15.3,265,26.6,306,29.3,130,29.7,316,33.8,144,53.2,125,52.2,205,35.6,77,34.8,225,35.0,272,41.7,260,66.9,212,-10.0,215
250,Nicholls St.,Slnd,31,13-18,105.4,245,112.6,249,0.3195,250,50.7,207,54.4,309,17.2,215,20.4,19,27.8,271,33.8,316,35.1,180,38.5,271,50.9,217,56.4,335,33.6,201,34.1,178,44.4,78,38.2,138,68.6,112,-12.0,251
251,Lamar,Slnd,31,12-19,103.2,283,110.2,203,0.3195,251,47.8,315,50.9,150,18.1,272,17.3,134,35.7,34,29.4,133,27.9,343,44.4,348,47.0,331,49.7,89,32.9,234,35.3,257,33.9,296,37.5,113,65.4,294,-14.1,287
252,Southeast Missouri St.,OVC,33,20-13,101.4,309,108.4,162,0.317,252,49.8,247,48.8,58,16.9,186,18.1,96,29.6,215,28.2,69,38.8,84,48.0,359,51.8,178,48.4,46,30.9,322,33.1,126,36.0,251,33.2,20,69.0,103,-9.2,197
253,Charleston Southern,BSth,32,15-17,105.1,251,112.4,245,0.3162,253,54.1,66,46.9,19,18.5,294,12.8,359,29.4,222,30.3,178,30.5,303,43.3,340,54.6,69,46.6,21,35.6,77,31.9,57,49.5,16,31.3,7,71.7,18,-13.3,274
254,UNC Asheville,BSth,32,15-17,104.2,262,111.6,226,0.3124,254,51.0,192,51.3,169,17.4,228,15.5,255,29.8,209,31.3,215,40.0,63,38.7,276,50.1,251,52.8,227,35.1,115,32.6,93,33.6,305,38.4,144,64.9,317,-12.6,263
255,UC Riverside,BW,32,10-22,103.6,277,111.0,214,0.3115,255,48.9,292,52.7,253,19.0,320,15.5,255,27.8,271,30.0,156,35.0,181,40.9,307,49.9,261,53.8,265,31.6,297,33.5,150,38.3,203,31.7,9,68.6,117,-15.3,308
256,SIU Edwardsville,OVC,32,19-13,99.3,337,106.5,115,0.3094,256,49.5,271,45.6,7,17.9,259,17.0,153,30.1,194,31.6,228,30.6,296,34.3,153,47.8,314,45.8,12,35.0,122,30.2,17,36.2,245,38.4,144,64.5,327,-10.6,227
257,Pepperdine,WCC,32,9-23,105.7,238,113.5,266,0.3075,257,47.6,323,54.2,303,18.3,285,16.5,185,29.1,231,34.0,319,33.8,219,28.5,37,48.0,308,54.9,308,31.4,306,35.5,268,39.2,185,40.3,213,68.4,129,-15.0,303
258,Vermont,AE,32,21-11,105.7,239,113.4,263,0.3074,258,53.5,87,50.7,135,14.3,29,14.7,308,26.3,314,22.6,2,31.7,265,36.8,230,55.5,52,49.1,65,34.0,172,35.3,257,44.6,73,41.0,235,64.9,316,-8.6,180
259,Southern Utah,WAC,31,10-21,107.3,206,115.2,296,0.3065,259,51.0,192,53.9,289,20.3,352,14.9,298,28.9,237,33.2,305,33.8,219,29.7,56,51.2,202,52.2,205,33.7,190,38.6,361,34.9,275,29.7,3,70.4,37,-14.6,295
260,Idaho St.,BSky,32,13-19,108.9,169,117.1,312,0.3042,260,51.9,155,54.7,317,17.0,202,15.1,278,33.0,91,28.2,69,37.6,113,36.3,219,52.8,138,56.3,332,33.7,190,34.5,212,41.9,135,37.3,108,65.1,306,-13.2,273
261,Elon,CAA,32,14-18,108.6,176,116.7,310,0.3038,261,52.2,141,54.0,294,15.9,121,16.4,191,32.2,118,33.5,311,33.5,225,34.6,164,52.8,138,53.3,245,34.3,163,36.5,324,43.2,106,44.5,329,66.9,217,-13.1,272
262,Abilene Christian,WAC,31,13-18,99.6,333,107.1,127,0.3031,262,47.1,333,56.7,353,20.9,355,23.7,2,31.3,147,29.2,125,40.1,62,53.2,365,47.4,324,54.8,302,31.1,316,40.7,365,32.9,319,30.2,6,67.2,193,-11.8,247
263,Tennessee Martin,OVC,33,22-11,98.3,343,105.8,105,0.3016,263,48.7,297,46.1,12,21.4,358,20.0,25,37.0,17,32.0,255,37.4,119,35.8,205,51.5,191,46.7,23,30.3,335,30.2,17,47.1,33,39.5,184,64.4,329,-8.0,167
264,East Carolina,Amer,30,11-19,103.2,284,111.3,222,0.2947,264,46.4,345,52.1,216,17.1,210,16.4,191,33.1,85,32.9,295,39.6,68,32.1,103,47.6,320,51.8,183,29.2,352,35.0,240,31.2,338,39.5,184,68.6,118,-13.1,270
265,Purdue Fort Wayne,Horz,32,17-15,105.2,250,113.5,267,0.2945,265,52.6,125,56.1,344,14.5,38,19.1,47,22.9,350,34.5,325,30.6,296,28.5,37,53.7,97,55.5,316,34.2,165,37.9,354,45.3,60,44.1,323,67.8,162,-9.2,198
266,North Dakota,Sum,34,18-16,107.6,196,116.1,305,0.2939,266,49.6,260,56.6,351,14.1,23,19.4,36,27.7,276,32.4,279,38.1,100,44.1,346,50.0,256,57.6,348,32.8,238,36.9,339,40.4,159,42.9,290,67.5,178,-10.5,226
267,Wofford,SC,32,19-13,108.7,174,117.3,316,0.2938,267,52.5,128,53.8,287,13.4,10,14.9,298,29.8,209,29.0,109,36.2,152,36.8,230,52.5,153,53.4,251,35.0,122,36.4,320,43.1,110,38.0,127,67.9,153,-9.4,203
268,Dartmouth,Ivy,27,11-16,105.1,252,113.6,272,0.2901,268,51.8,158,52.7,253,17.6,241,13.8,341,23.7,347,29.7,145,38.0,102,30.7,77,49.4,278,53.2,242,36.1,54,34.6,217,48.7,20,39.2,173,69.6,72,-11.5,242
269,Sacramento St.,BSky,31,10-21,105.9,236,114.5,289,0.2896,269,47.0,336,55.0,328,14.1,23,17.1,144,25.2,334,33.4,309,41.2,47,36.2,215,46.6,337,56.8,340,31.9,287,35.2,253,35.6,258,43.7,315,71.8,15,-14.7,298
270,Longwood,BSth,32,16-16,103.4,280,111.9,230,0.2875,270,49.7,252,53.8,287,19.1,323,19.8,29,34.6,60,27.7,62,41.3,46,42.1,324,51.1,208,56.1,329,31.4,306,33.8,165,34.8,278,42.6,284,68.6,119,-12.7,265
271,Lindenwood,OVC,33,18-15,100.6,321,108.8,174,0.2873,271,48.0,310,49.1,72,18.7,308,18.4,82,33.2,83,31.8,247,38.6,88,37.4,245,49.6,272,49.4,75,29.4,347,32.4,83,30.7,346,32.9,16,72.5,8,-11.1,237
272,UTEP,CUSA,31,11-20,101.5,308,110.0,198,0.2829,272,48.3,307,51.5,181,17.4,228,18.0,100,26.2,316,32.8,288,33.4,232,42.0,322,46.5,341,51.9,188,33.9,179,34.0,175,40.3,163,37.5,113,65.3,297,-14.8,299
273,Milwaukee,Horz,32,12-20,106.2,231,115.3,300,0.2786,273,49.9,242,55.5,338,15.2,72,15.8,234,33.0,91,29.2,125,32.1,254,35.9,208,50.8,221,56.0,325,32.3,264,36.5,324,38.1,210,40.2,208,67.7,167,-13.5,278
274,Incarnate Word,Slnd,31,12-19,108.5,179,118.0,327,0.275,274,50.2,227,54.5,313,17.2,215,15.7,242,32.1,121,32.0,255,34.0,211,41.6,316,47.7,319,56.0,325,36.1,54,34.4,204,39.1,189,35.4,58,65.5,288,-13.7,282
275,Delaware,CUSA,31,10-21,105.8,237,115.3,297,0.2716,275,53.3,94,51.5,181,18.2,281,14.0,335,20.8,363,31.1,206,30.6,296,30.2,69,51.7,182,50.6,121,36.8,32,35.1,248,46.2,41,43.4,308,63.2,357,-16.1,319
276,South Dakota,Sum,32,16-16,104.7,256,114.2,280,0.2695,276,49.9,242,54.5,313,16.6,175,15.9,230,28.7,243,30.3,178,45.2,6,31.0,81,50.7,223,55.7,320,32.3,264,34.5,212,35.9,253,30.0,5,70.1,52,-11.5,243
277,Ball St.,MAC,31,12-19,99.4,335,108.6,169,0.2652,277,47.0,336,52.7,253,16.2,146,18.7,62,27.1,293,31.0,201,31.6,267,32.1,103,47.0,331,53.0,231,31.4,306,34.8,225,39.4,182,41.2,242,63.7,346,-14.6,293
278,Mount St. Mary's,MAAC,32,15-17,99.2,338,108.4,166,0.2652,278,50.6,212,47.2,23,22.4,364,15.3,265,32.3,115,29.1,114,33.3,233,37.3,244,51.8,178,46.2,16,32.7,244,32.3,81,42.6,123,44.9,331,67.9,156,-12.5,261
279,Western Michigan,MAC,31,10-21,107.5,199,117.7,323,0.2594,279,49.9,242,54.4,309,16.9,186,13.4,347,30.5,180,29.1,114,32.8,240,37.5,248,48.1,306,54.5,294,35.3,100,36.1,309,36.1,247,43.7,315,67.9,160,-15.3,310
280,Loyola Chicago,A10,31,8-23,103.3,281,113.2,261,0.2585,280,49.6,260,52.4,235,19.7,339,13.1,355,30.5,180,30.2,165,34.6,192,33.6,139,51.6,187,49.4,75,31.6,297,37.5,349,47.6,30,44.0,319,66.1,260,-15.4,314
281,Presbyterian,BSth,33,15-18,103.0,285,112.9,257,0.2585,281,51.0,192,51.2,165,19.3,332,15.7,242,33.1,85,30.6,191,39.3,71,37.1,239,52.3,161,50.6,121,31.6,297,34.7,224,28.0,360,36.3,86,64.3,332,-13.7,281
282,Mercyhurst,NEC,33,17-16,101.4,310,111.1,217,0.2583,282,49.4,273,49.8,89,14.4,34,19.0,52,26.7,303,30.2,165,25.8,361,42.2,326,50.2,249,50.8,129,31.7,291,32.0,64,31.5,335,34.2,35,64.7,325,-12.3,258
283,Jacksonville,ASun,32,12-20,103.7,273,114.0,278,0.2517,283,50.0,234,54.8,322,17.2,215,15.0,288,31.7,134,29.1,114,32.8,240,42.7,334,51.5,191,55.0,309,31.7,291,36.3,315,37.4,224,35.2,52,63.6,349,-14.8,300
284,Louisiana,SB,33,11-22,101.9,302,112.2,236,0.2484,284,47.1,333,52.6,247,16.8,182,18.3,89,28.3,259,32.3,274,28.7,333,45.8,351,44.8,357,52.2,205,33.6,201,35.6,279,40.5,156,36.2,84,63.4,354,-17.0,331
285,Brown,Ivy,27,9-18,98.0,344,108.1,155,0.2452,285,48.6,301,51.3,169,19.5,336,18.7,62,29.0,235,30.0,156,28.1,341,37.6,250,50.4,241,52.2,205,30.3,335,33.5,150,36.3,242,43.0,292,66.7,222,-14.5,291
286,Arkansas Pine Bluff,SWAC,31,13-18,104.3,261,115.1,295,0.2444,286,49.8,247,52.2,218,18.9,315,16.4,191,27.8,271,34.3,321,38.2,98,43.5,341,49.8,266,54.4,291,33.3,213,32.5,88,37.4,224,37.5,113,69.5,77,-12.0,249
287,Morehead St.,OVC,33,20-13,106.9,213,118.0,328,0.2424,287,49.2,286,50.2,111,18.0,265,15.4,258,35.8,32,35.8,349,37.7,110,35.6,199,49.7,268,49.1,65,32.0,280,34.5,212,30.5,349,39.0,162,65.4,293,-9.0,192
288,IU Indy,Horz,32,7-25,106.6,222,117.7,322,0.2421,288,52.2,141,58.2,362,15.9,121,19.2,45,28.7,243,35.6,345,21.7,365,46.6,357,54.8,65,58.4,353,32.4,257,38.5,360,42.1,132,35.7,68,73.8,3,-20.0,356
289,Florida A&M,SWAC,29,14-15,99.7,330,110.3,205,0.239,289,49.3,279,51.6,189,21.4,358,18.9,55,30.6,177,30.4,184,37.6,113,40.7,303,49.5,275,50.8,129,32.6,248,35.4,264,38.0,212,34.1,32,68.0,145,-10.9,234
290,Lehigh,Pat,33,17-16,102.6,290,113.5,268,0.2385,290,53.3,94,50.9,150,17.7,245,16.3,207,22.2,353,31.7,237,31.8,262,32.5,111,52.8,138,51.2,148,36.2,52,33.6,155,38.3,203,32.3,11,67.1,208,-12.0,252
291,Northeastern,CAA,31,7-24,107.5,197,118.9,338,0.2385,291,52.4,133,56.4,350,16.4,156,16.8,171,27.3,287,30.2,165,29.4,319,41.9,318,53.6,101,57.8,350,33.7,190,35.8,291,37.8,216,35.2,52,69.8,65,-19.1,350
292,UNC Greensboro,SC,33,15-18,107.8,192,119.3,343,0.2369,292,51.8,158,56.1,344,14.9,58,13.5,345,28.2,262,29.1,114,41.8,39,30.1,64,50.6,231,55.6,317,35.7,72,37.8,352,40.2,165,46.7,348,67.8,163,-14.2,289
293,East Texas A&M,Slnd,32,11-21,100.7,320,111.5,225,0.2359,293,49.2,286,52.9,263,19.2,329,17.0,153,25.7,327,32.8,288,32.0,256,34.5,158,51.2,202,51.0,137,31.3,310,37.3,345,46.2,41,38.0,127,68.4,130,-14.9,302
294,Southeastern Louisiana,Slnd,31,9-22,99.4,334,110.2,201,0.2352,294,46.7,342,52.4,235,18.4,288,19.1,47,28.6,246,31.4,221,40.3,58,41.2,311,49.4,278,51.4,163,28.4,361,36.0,301,39.5,180,37.9,124,65.5,290,-16.6,325
295,Sacred Heart,MAAC,33,14-19,107.1,209,118.8,336,0.2337,295,52.0,151,53.5,280,17.7,245,14.5,319,28.6,246,30.9,198,31.0,285,27.0,19,50.4,241,54.4,291,35.7,72,34.8,225,50.7,13,43.5,310,68.5,124,-15.2,306
296,West Georgia,ASun,32,15-17,102.4,296,113.6,271,0.2328,296,49.6,260,53.4,277,15.9,121,14.7,308,31.5,141,29.0,109,29.2,325,36.9,233,49.6,272,55.7,320,33.1,226,33.1,126,33.0,316,37.4,110,69.2,93,-12.4,260
297,Alabama A&M,SWAC,31,17-14,105.4,248,117.1,313,0.2301,297,49.4,273,52.4,235,16.5,163,16.7,174,27.4,284,29.6,142,45.0,7,37.9,260,48.1,306,51.5,167,34.6,148,35.9,298,33.5,307,37.1,102,65.5,289,-10.7,231
298,Eastern Kentucky,ASun,32,11-21,109.1,167,121.2,352,0.2284,298,52.1,147,56.1,344,16.9,186,14.8,306,32.5,109,31.7,237,30.7,294,38.5,271,51.6,187,57.4,345,35.0,122,36.2,312,50.8,11,41.6,257,67.3,186,-16.5,324
299,Bellarmine,ASun,32,13-19,115.3,81,128.2,365,0.228,299,59.4,4,59.4,365,15.5,94,15.0,288,22.4,351,34.2,320,35.0,181,34.3,153,61.0,4,58.1,351,38.1,19,40.4,364,41.2,145,50.5,362,64.7,321,-14.3,290
300,Northwestern St.,Slnd,31,10-21,101.9,301,113.4,262,0.2271,300,49.0,290,53.1,269,18.1,272,16.8,171,25.6,329,32.5,282,40.3,58,36.9,233,48.5,299,52.8,227,33.3,213,35.8,291,33.5,307,38.1,133,65.1,307,-15.3,307
301,Alabama St.,SWAC,31,10-21,100.3,323,111.7,227,0.2236,301,47.3,330,52.3,228,18.5,294,18.9,55,31.9,131,31.8,247,35.0,181,41.9,318,46.8,333,52.7,223,32.2,268,34.4,204,38.3,203,40.7,226,69.3,86,-15.5,315
302,Evansville,MVC,32,7-25,102.5,293,114.3,283,0.2219,302,49.3,279,55.1,329,19.1,323,15.4,258,22.0,354,30.2,165,29.8,314,31.4,87,49.9,261,54.0,274,32.2,268,37.6,350,43.1,110,43.2,300,67.0,209,-17.6,338
303,Oral Roberts,Sum,33,10-23,102.4,294,114.3,282,0.2212,303,49.7,252,53.6,283,18.5,294,14.7,308,28.4,256,31.8,247,34.8,186,39.1,285,51.1,208,52.2,205,32.0,280,37.4,347,45.6,55,36.6,90,67.8,165,-17.6,337
304,Grambling St.,SWAC,31,13-18,96.7,350,107.9,152,0.2201,304,48.7,297,50.6,127,21.3,357,20.6,16,30.2,192,32.2,270,41.0,52,40.1,298,49.8,266,51.2,148,31.3,310,32.9,112,38.3,203,35.0,46,67.7,170,-13.9,285
305,Hampton,CAA,32,13-19,101.0,314,112.8,255,0.2188,305,45.7,353,52.0,209,17.0,202,17.2,138,32.9,96,30.0,156,39.2,72,46.5,356,47.1,327,54.0,274,28.8,359,32.1,71,37.1,228,33.6,24,65.5,292,-14.6,294
306,North Carolina A&T,CAA,30,11-19,104.9,254,117.4,318,0.2165,306,50.7,207,52.9,263,18.6,301,14.1,330,31.7,134,28.6,90,42.3,32,37.5,248,52.3,161,51.7,179,31.6,297,36.6,329,32.7,322,38.1,133,68.6,120,-15.0,304
307,USC Upstate,BSth,32,13-19,99.3,336,111.1,215,0.2159,307,48.3,307,51.0,156,18.2,281,16.4,191,29.2,228,31.4,221,32.8,240,36.0,211,48.9,289,49.5,82,31.4,306,35.6,279,35.6,258,36.1,80,67.7,169,-14.2,288
308,Texas Southern,SWAC,29,12-17,102.6,291,114.8,292,0.2157,308,50.0,234,52.4,235,18.6,301,16.4,191,28.6,246,31.3,215,37.9,105,43.5,341,50.1,251,53.6,257,33.1,226,33.9,172,32.7,322,42.9,290,68.6,115,-12.0,250
309,Houston Christian,Slnd,31,12-19,102.6,292,114.7,291,0.2157,309,49.8,247,54.4,309,18.9,315,17.5,122,30.7,175,32.5,282,35.9,160,30.1,64,50.9,217,55.6,317,31.9,287,34.9,231,36.1,247,37.9,124,64.0,339,-14.1,286
310,Stetson,ASun,33,12-21,105.4,247,118.1,329,0.2135,310,53.1,100,55.2,332,18.1,272,15.1,278,26.6,306,31.8,247,32.4,247,30.4,72,52.5,153,57.6,348,36.0,60,34.6,217,44.7,71,41.1,239,66.9,218,-15.9,318
311,Central Connecticut,NEC,30,18-12,105.0,253,117.8,325,0.2099,311,51.6,171,50.2,111,16.2,146,14.0,335,27.5,281,30.4,184,31.2,278,26.9,18,50.5,235,50.3,111,35.8,67,33.4,144,34.9,275,39.3,179,65.0,313,-9.4,201
312,Chattanooga,SC,32,13-19,105.5,243,118.4,334,0.2098,312,54.2,63,51.7,196,14.4,34,13.2,353,21.8,358,31.7,237,29.7,316,42.6,331,55.8,47,52.1,201,35.0,122,34.2,185,49.2,18,44.2,325,67.1,204,-15.3,309
313,Le Moyne,NEC,32,15-17,101.1,313,113.5,269,0.2084,313,52.7,120,49.3,78,19.1,323,15.0,288,25.2,334,29.1,114,39.5,69,32.7,117,53.5,111,46.1,15,34.3,163,36.0,301,40.8,151,39.7,193,69.6,70,-13.7,283
314,Georgia St.,SB,32,10-22,99.7,331,112.1,233,0.2069,314,44.2,362,50.6,127,15.9,121,16.4,191,27.7,276,33.6,313,37.2,127,34.9,175,42.9,364,51.2,148,30.6,328,33.1,126,42.4,126,39.0,162,68.0,146,-17.6,340
315,Cleveland St.,Horz,33,11-22,110.1,150,123.7,362,0.2067,315,54.2,63,57.2,359,17.8,252,15.1,278,27.0,295,36.6,355,37.9,105,35.5,195,52.0,172,59.5,362,37.5,26,36.2,312,50.8,11,44.0,319,69.7,66,-16.9,330
316,Prairie View A&M,SWAC,31,14-17,101.3,311,113.9,276,0.2058,316,47.6,323,51.6,189,16.3,151,19.4,36,26.9,298,35.3,343,43.4,19,44.2,347,46.8,333,50.7,128,32.8,238,35.6,279,31.2,338,33.5,23,72.0,12,-12.8,266
317,Northern Arizona,BSky,32,10-22,106.2,230,119.8,346,0.199,317,51.7,164,56.9,355,16.0,134,16.6,180,23.3,348,33.4,309,31.8,262,32.7,117,50.7,223,56.1,329,35.6,77,38.7,362,36.7,235,40.0,200,63.9,340,-16.6,327
318,Wagner,NEC,31,14-17,102.4,295,115.7,302,0.1979,318,49.6,260,50.4,118,18.5,294,14.9,298,32.8,97,29.6,142,32.3,251,40.8,305,46.6,337,49.9,94,36.6,37,34.3,191,36.1,247,35.8,71,65.6,283,-13.6,279
319,UMass Lowell,AE,32,15-17,102.8,287,116.6,308,0.1906,319,50.1,230,53.2,271,18.0,265,14.4,325,32.4,112,29.2,125,35.7,166,28.1,31,50.9,217,54.2,285,32.1,276,34.2,185,31.0,341,35.1,49,69.4,80,-12.8,267
320,Albany,AE,32,11-21,103.8,269,118.1,331,0.1848,320,51.3,182,53.2,271,18.5,294,15.8,234,32.7,101,32.4,279,24.9,364,35.7,202,52.8,138,52.7,223,32.6,248,36.0,301,37.6,221,40.6,224,65.3,296,-17.3,334
321,NJIT,AE,32,16-16,98.4,342,112.7,254,0.1732,321,46.9,339,50.1,104,17.0,202,16.2,213,26.1,319,32.3,274,33.9,215,38.2,266,47.8,314,51.0,137,30.4,333,32.5,88,40.2,165,40.5,220,68.2,135,-11.5,241
322,Lafayette,Pat,32,11-21,100.7,319,115.5,301,0.1709,322,49.3,279,53.6,283,15.3,78,15.1,278,25.8,325,28.6,90,32.4,247,30.6,75,50.0,256,53.4,251,32.2,268,36.0,301,39.8,173,38.0,127,66.9,216,-17.0,332
323,Little Rock,OVC,32,12-20,101.6,306,117.0,311,0.165,323,49.4,273,51.8,201,18.4,288,18.5,72,31.5,141,36.6,355,27.7,344,33.1,127,47.9,311,51.9,188,35.3,100,34.4,204,31.0,341,40.3,213,66.6,228,-16.3,321
324,Tennessee Tech,OVC,31,13-18,101.9,300,117.5,320,0.1635,324,48.9,292,51.5,181,19.1,323,15.1,278,31.3,147,30.7,193,35.5,171,31.3,85,50.1,251,50.3,111,31.1,316,35.8,291,36.5,239,36.1,80,67.2,201,-14.6,292
325,Loyola MD,Pat,32,12-20,103.8,270,119.6,345,0.1634,325,50.4,222,54.7,317,15.5,94,15.3,265,27.6,280,29.0,109,29.9,313,32.7,117,51.9,173,58.3,352,32.6,248,32.8,103,47.2,31,39.6,189,68.3,134,-16.8,329
326,Cal St. Bakersfield,BW,32,8-24,101.8,304,117.5,321,0.1608,326,45.7,353,54.0,294,18.9,315,17.9,106,30.4,184,35.6,345,42.2,35,42.6,331,46.6,337,53.9,266,29.0,354,36.0,301,28.9,357,39.0,162,70.2,47,-18.1,343
327,Bucknell,Pat,33,10-23,99.2,339,114.5,288,0.1606,327,48.5,303,54.7,317,19.0,320,17.9,106,27.0,295,31.3,215,29.8,314,35.3,190,50.4,241,54.1,278,30.6,328,37.0,342,42.7,120,45.7,341,67.1,205,-18.2,345
328,North Florida,ASun,32,7-25,107.4,204,124.2,363,0.1574,328,52.9,114,56.3,348,17.9,259,12.7,361,25.2,334,37.6,362,28.8,332,31.4,87,53.4,115,58.7,357,35.0,122,35.1,248,51.7,7,39.0,162,70.5,33,-19.0,349
329,Norfolk St.,MEAC,31,15-16,101.5,307,117.7,324,0.1537,329,49.3,279,51.6,189,18.5,294,18.8,61,32.1,121,32.0,255,43.5,18,44.8,349,48.3,304,54.1,278,34.4,159,32.1,71,30.5,349,42.0,269,67.9,152,-12.4,259
330,New Haven,NEC,31,14-17,96.4,351,111.8,228,0.153,330,48.7,297,51.8,201,17.8,252,17.1,144,21.5,359,26.8,34,31.7,265,27.7,27,51.0,211,52.1,201,30.2,339,34.3,191,39.8,173,38.4,144,63.4,352,-13.1,271
331,Eastern Illinois,OVC,33,13-20,96.9,347,112.6,251,0.151,331,45.7,353,50.8,142,18.6,301,19.3,42,28.2,262,35.2,339,33.5,225,35.3,190,44.9,355,53.1,234,31.7,291,31.7,51,29.9,353,41.2,242,65.7,275,-15.2,305
332,Holy Cross,Pat,33,11-22,100.9,317,118.1,330,0.141,332,49.8,247,54.8,322,15.3,78,14.1,330,21.9,357,27.0,38,31.5,272,27.6,26,50.4,241,57.2,344,32.5,254,34.0,175,37.3,227,39.0,162,65.5,285,-18.2,344
333,Niagara,MAAC,30,8-22,100.1,328,117.5,319,0.1368,333,50.5,218,52.8,262,18.9,315,16.6,180,24.8,343,32.9,295,26.6,355,33.8,144,50.5,235,52.7,223,33.7,190,35.3,257,40.5,156,40.4,215,62.3,364,-18.3,346
334,Manhattan,MAAC,32,12-20,103.8,268,121.9,355,0.1367,334,47.9,312,53.9,289,15.6,105,16.7,174,28.6,246,37.0,358,34.0,211,25.7,10,47.8,314,53.3,245,32.0,280,36.6,329,37.1,228,38.0,127,68.1,142,-16.2,320
335,Stonehill,NEC,33,12-21,92.4,362,108.5,167,0.1361,335,46.9,339,47.8,39,19.4,335,13.4,347,27.5,281,27.1,43,27.3,348,30.3,70,46.5,341,46.7,23,31.7,291,33.4,144,40.5,156,32.4,13,66.5,242,-17.5,336
336,Jackson St.,SWAC,31,11-20,101.7,305,119.6,344,0.135,336,45.9,351,53.5,280,19.2,329,16.1,220,29.0,235,37.3,360,37.1,132,42.2,326,44.9,355,54.3,286,31.5,302,34.9,231,43.2,106,40.2,208,69.7,68,-13.1,269
337,UTSA,Amer,29,5-24,100.7,318,118.5,335,0.1339,337,44.9,360,53.6,283,17.8,252,15.0,288,30.0,201,38.7,363,29.3,322,34.0,150,45.6,352,53.7,263,29.4,347,35.6,279,41.3,143,42.5,280,68.7,111,-17.8,341
338,Fairleigh Dickinson,NEC,32,11-21,101.0,315,119.0,341,0.1308,338,47.1,333,55.2,332,18.1,272,16.1,220,32.0,125,27.3,49,32.8,240,36.3,219,48.6,295,54.1,278,30.3,335,37.8,352,45.2,63,40.5,220,64.2,337,-16.7,328
339,Air Force,MWC,31,3-28,97.0,346,114.5,287,0.1297,339,49.6,260,56.6,351,21.8,360,15.0,288,21.4,360,31.1,206,35.6,167,36.1,214,51.5,191,56.3,332,31.3,310,38.0,356,41.9,135,38.9,159,66.2,253,-19.5,354
340,North Alabama,ASun,30,9-21,100.2,326,118.3,333,0.1283,340,48.0,310,55.2,332,17.5,234,14.5,319,31.2,153,32.2,270,37.6,113,30.3,70,49.1,285,56.5,337,30.7,326,35.7,287,33.7,301,43.3,304,64.9,315,-17.0,333
341,Northern Illinois,MAC,30,9-21,95.9,354,113.8,275,0.1235,341,47.6,323,55.6,341,21.8,360,16.3,207,30.3,189,30.0,156,38.3,96,38.3,267,48.5,299,56.3,332,30.9,322,36.3,315,45.0,65,37.7,119,67.5,177,-15.4,313
342,Army,Pat,32,11-21,100.2,324,118.9,339,0.1227,342,49.3,279,55.1,329,17.2,215,15.4,258,29.6,215,27.7,62,26.8,351,39.6,293,50.7,223,56.4,335,32.0,280,35.6,279,53.3,3,41.7,260,67.2,194,-17.3,335
343,Chicago St.,NEC,32,7-25,100.2,327,119.0,340,0.1215,343,45.3,359,56.7,353,15.6,105,20.1,21,28.3,259,35.0,335,30.0,311,38.0,263,44.0,359,60.0,364,32.1,276,35.6,279,30.9,343,50.8,363,65.7,274,-19.1,351
344,Southern Indiana,OVC,30,7-23,96.2,352,114.5,290,0.1191,344,43.7,363,49.4,80,17.2,215,16.4,191,31.4,146,33.8,316,37.2,127,36.2,215,43.0,363,48.7,57,29.9,343,34.1,178,39.7,178,27.1,1,67.8,161,-20.3,357
345,Canisius,MAAC,31,10-21,95.9,355,114.3,284,0.1173,345,46.3,348,52.2,218,19.6,338,16.0,225,29.3,226,29.8,147,31.4,273,35.2,184,44.0,359,54.3,286,33.3,213,33.0,120,39.5,180,44.0,319,64.1,338,-17.6,339
346,Alcorn St.,SWAC,30,8-22,97.6,345,117.2,315,0.108,346,47.9,312,56.1,344,19.8,342,18.5,72,27.4,284,36.0,353,30.2,306,39.5,291,46.5,341,58.9,358,33.7,190,33.9,172,33.9,296,35.0,46,68.2,139,-15.7,317
347,The Citadel,SC,33,11-22,100.4,322,120.7,349,0.1069,347,49.5,271,57.5,361,16.3,151,14.7,308,27.9,270,31.5,225,30.0,311,33.3,134,51.0,211,59.6,363,32.0,280,36.6,329,47.8,29,44.1,323,64.2,334,-18.4,347
348,Louisiana Monroe,SB,32,4-28,101.1,312,122.3,356,0.1009,348,47.8,315,57.1,358,16.9,186,15.7,242,25.1,340,35.4,344,38.8,84,27.7,27,47.4,324,58.4,353,32.2,268,36.9,339,41.9,135,42.3,275,70.4,39,-23.2,364
349,Maine,AE,32,8-24,92.5,361,111.9,232,0.1002,349,49.6,260,50.6,127,19.1,323,19.4,36,19.7,364,34.3,321,38.4,94,33.9,148,51.2,202,54.5,294,31.2,314,29.3,4,37.0,230,36.8,94,64.8,319,-20.6,359
350,New Hampshire,AE,30,9-21,96.1,353,116.3,306,0.1001,350,46.7,342,53.4,277,16.5,163,15.8,234,25.7,327,26.9,37,28.5,337,35.8,205,47.4,324,54.6,297,30.5,330,34.3,191,43.1,110,36.9,95,67.5,180,-16.4,322
351,Saint Francis,NEC,31,7-24,100.9,316,122.6,358,0.0965,351,48.9,292,58.9,364,18.4,288,18.4,82,27.5,281,33.1,302,30.8,290,38.3,267,47.5,322,60.1,365,34.2,165,38.1,358,37.8,216,40.9,230,70.1,51,-19.4,353
352,Morgan St.,MEAC,29,14-15,99.6,332,121.6,354,0.0912,352,46.3,348,52.0,209,18.1,272,16.5,185,30.8,174,35.2,339,42.0,37,51.0,362,45.0,354,54.0,274,32.4,257,32.0,64,35.2,269,32.5,15,70.6,32,-12.1,253
353,North Carolina Central,MEAC,29,12-17,100.0,329,123.2,360,0.0837,353,47.3,330,55.5,338,18.2,281,19.7,31,29.1,231,39.0,364,39.2,72,36.2,215,46.2,344,55.1,312,33.0,229,37.3,345,33.9,296,41.2,242,66.5,236,-12.2,256
354,South Carolina St.,MEAC,30,9-21,95.6,357,118.1,332,0.0807,354,46.6,344,54.3,306,20.5,353,18.5,72,31.1,159,37.4,361,41.2,47,51.5,364,44.4,358,56.6,338,34.0,172,33.8,165,33.3,311,39.4,182,68.6,113,-16.5,323
355,Bryant,AE,31,9-22,96.8,348,120.2,348,0.0768,355,46.9,339,52.7,253,20.2,349,14.6,315,27.7,276,31.0,201,29.4,319,33.5,137,48.7,293,51.8,183,30.0,342,36.3,315,47.9,26,35.8,71,64.3,331,-17.9,342
356,Maryland Eastern Shore,MEAC,31,9-22,93.1,360,116.0,303,0.0739,356,47.8,315,50.5,122,23.8,365,17.9,106,32.0,125,33.6,313,28.9,331,43.0,338,49.9,261,51.0,137,29.1,353,33.2,133,33.3,311,39.9,198,63.4,353,-16.6,326
357,Rider,MAAC,29,4-25,96.8,349,120.8,351,0.0723,357,42.8,364,55.2,332,16.9,186,15.3,265,32.6,105,32.8,288,30.1,309,32.5,111,43.3,362,54.0,274,27.7,365,37.9,354,27.5,361,39.9,198,65.8,273,-19.7,355
358,Binghamton,AE,31,8-23,98.6,341,123.2,359,0.0721,358,50.0,234,54.3,306,18.8,309,13.3,351,20.9,362,29.4,133,41.5,45,34.6,164,50.6,231,54.7,300,32.5,254,35.8,291,30.9,343,39.2,173,65.6,280,-20.4,358
359,UMKC,Sum,31,4-27,93.7,358,117.8,326,0.0665,359,45.7,353,56.3,348,18.2,281,16.4,191,26.4,312,35.9,350,29.2,325,31.4,87,47.6,320,56.2,331,28.4,361,37.6,350,36.8,233,39.0,162,69.8,61,-21.5,360
360,VMI,SC,32,6-26,99.0,340,124.6,364,0.0663,360,47.6,323,57.0,357,15.3,78,15.7,242,25.6,329,37.2,359,30.6,296,34.6,164,47.9,311,58.9,358,31.5,302,36.5,324,53.6,2,46.5,347,66.9,214,-22.3,361
361,Gardner Webb,BSth,33,4-29,95.7,356,122.4,357,0.056,361,47.8,315,56.9,355,19.8,342,15.3,265,23.2,349,36.6,355,30.3,305,35.2,184,48.6,295,59.0,360,31.0,320,36.0,301,39.8,173,41.0,235,69.7,67,-23.1,363
362,Delaware St.,MEAC,29,7-22,88.8,365,115.3,299,0.0474,362,42.6,365,54.1,301,19.8,342,20.1,21,27.1,293,31.7,237,34.0,211,40.1,298,42.3,365,55.3,314,28.9,356,34.6,217,29.4,354,35.0,46,66.0,262,-18.7,348
363,Coppin St.,MEAC,31,7-24,92.1,363,120.0,347,0.0457,363,45.9,351,55.4,337,22.3,363,17.5,122,30.4,184,34.8,333,38.5,91,42.9,337,45.8,350,53.9,266,30.7,326,38.3,359,35.2,269,43.2,300,68.6,116,-19.2,352
364,Mississippi Valley St.,SWAC,32,3-29,91.4,364,120.8,350,0.0389,364,45.4,357,55.5,338,21.8,360,17.0,153,26.1,319,35.6,345,33.9,215,51.0,362,45.9,347,55.9,324,29.3,351,36.7,333,30.2,351,42.4,279,67.3,189,-23.9,365
365,Western Illinois,OVC,31,5-26,93.1,359,123.3,361,0.038,365,44.5,361,54.2,303,17.5,234,14.9,298,27.0,295,34.8,333,37.7,110,34.8,172,43.5,361,54.6,297,30.9,322,35.6,279,33.3,311,34.6,42,66.6,227,-23.0,362
