Rk,Team,Conf,W-L,NetRtg,ORtg,ORtgRk,DRtg,DRtgRk,AdjT,AdjTRk,Luck,LuckRk,SOS_NetRtg,SOS_NetRtgRk,SOS_ORtg,SOS_ORtgRk,SOS_DRtg,SOS_DRtgRk,NCSOS_NetRtg,NCSOS_NetRtgRk
1,Duke,ACC,29-2,40.6,128.4,4,87.8,1,65.5,292,0.03,111,14.25,14,117.2,21,102.9,7,11.04,18
2,Michigan,B10,28-2,39.38,128.0,5,88.6,2,71.6,18,0.036,98,15.75,5,118.6,7,102.8,4,13.18,10
3,Arizona,B12,29-2,37.32,126.6,7,89.3,3,70.2,45,0.011,153,14.21,15,117.6,16,103.4,20,3.88,100
4,Florida,SEC,25-6,35.34,126.4,8,91.1,4,71.0,24,-0.051,314,15.74,6,119.4,3,103.7,26,8.33,33
5,Illinois,B10,23-7,33.19,131.6,1,98.4,26,65.7,274,-0.044,301,13.85,18,117.3,20,103.4,21,4.26,91
6,Houston,B12,26-5,32.44,125.0,17,92.5,6,63.4,350,0.002,177,12.42,31,116.6,32,104.1,43,1.13,166
7,Iowa St.,B12,25-6,29.94,122.8,25,92.9,7,66.9,216,0.006,167,11.61,42,115.3,56,103.7,25,-3.1,279
8,Purdue,B10,23-8,29.43,130.5,2,101.0,39,65.0,311,-0.021,243,15.11,8,118.4,9,103.3,14,6.82,49
9,Michigan St.,B10,25-5,28.95,122.2,30,93.3,8,66.0,265,0.027,120,12.92,26,118.0,11,105.0,64,3.92,98
10,Gonzaga,WCC,28-3,28.42,122.5,29,94.1,10,69.3,87,0.067,38,6.13,88,113.1,83,107.0,96,8.71,28
11,Connecticut,BE,27-4,28.24,122.6,28,94.4,11,65.0,312,0.052,59,12.07,35,115.5,51,103.4,18,8.44,30
12,Nebraska,B10,25-5,26.91,119.3,54,92.4,5,66.8,219,0.024,125,10.89,60,115.9,43,105.1,65,-5.52,317
13,Vanderbilt,SEC,24-7,26.49,125.5,15,99.0,27,69.6,71,0.02,128,13.44,19,117.8,13,104.3,49,1.81,139
14,Tennessee,SEC,21-10,26.13,121.4,36,95.3,15,65.4,297,-0.058,321,14.54,10,119.0,5,104.5,55,1.26,160
15,Texas Tech,B12,22-9,26.12,126.1,10,100.0,33,66.4,246,-0.002,194,15.45,7,118.5,8,103.0,9,8.35,32
16,Alabama,SEC,23-8,26.12,129.5,3,103.4,68,73.1,4,0.038,90,17.14,1,120.0,1,102.9,5,13.28,8
17,Louisville,ACC,22-9,26.11,125.6,14,99.5,30,70.2,44,-0.016,232,12.48,30,115.7,45,103.3,15,3.11,113
18,Arkansas,SEC,23-8,25.97,127.8,6,101.9,44,71.3,21,0.029,114,14.88,9,119.0,6,104.2,44,5.02,79
19,Kansas,B12,22-9,25.35,119.4,53,94.1,9,67.7,172,0.038,89,16.76,3,118.1,10,101.3,1,11.57,14
20,Virginia,ACC,27-4,25.22,121.6,34,96.4,16,65.9,268,0.071,34,8.7,74,114.8,66,106.1,82,-3.08,278
21,St. John's,BE,25-6,24.42,119.7,50,95.2,14,69.9,63,0.06,47,11.41,44,115.4,53,104.0,35,6.81,50
22,Saint Mary's,WCC,27-4,23.67,120.6,43,96.9,17,65.4,294,0.024,126,5.05,95,111.5,99,106.5,91,4.55,86
23,Iowa,B10,20-10,22.63,121.9,31,99.3,28,63.0,360,-0.044,303,10.62,64,115.4,52,104.8,59,-6.78,337
24,Wisconsin,B10,22-9,22.6,125.3,16,102.7,54,69.1,93,0.038,88,12.76,28,116.7,30,103.9,32,-0.58,217
25,BYU,B12,21-10,22.4,125.9,11,103.5,69,69.9,62,-0.011,220,14.48,12,116.7,29,102.2,3,5.31,74
26,Ohio St.,B10,20-11,21.67,124.3,18,102.6,51,66.4,241,-0.029,267,12.88,27,116.5,33,103.6,23,-1.37,236
27,Kentucky,SEC,19-12,21.44,121.2,38,99.8,31,68.2,135,-0.029,263,15.84,4,119.2,4,103.3,17,1.85,138
28,UCLA,B10,21-10,21.31,123.8,19,102.5,50,64.5,329,0.015,143,11.74,39,115.9,44,104.1,42,-1.59,244
29,Miami FL,ACC,24-7,21.15,121.7,33,100.5,35,67.9,153,0.001,183,6.84,82,113.2,81,106.3,87,-6.97,338
30,North Carolina,ACC,24-7,21.07,121.5,35,100.4,34,67.9,154,0.077,29,11.61,41,115.6,49,104.0,34,1.71,143
31,Georgia,SEC,22-9,21.05,125.7,13,104.7,87,71.4,20,0.011,154,11.15,52,116.4,34,105.3,68,-6.02,328
32,Villanova,BE,24-7,20.94,120.9,41,100.0,32,65.3,299,0.07,35,10.56,65,115.1,60,104.5,56,3.07,114
33,Texas,SEC,18-13,19.93,126.1,9,106.2,111,66.9,217,-0.076,342,14.16,17,117.9,12,103.7,27,-5.86,324
34,Texas A&M,SEC,21-10,19.79,120.5,44,100.7,37,70.7,28,-0.005,199,11.06,56,117.1,22,106.0,80,-5.65,320
35,Utah St.,MWC,25-6,19.66,122.9,24,103.3,63,67.8,161,0.063,45,7.22,80,113.1,82,105.9,78,2.55,122
36,N.C. State,ACC,19-12,19.59,123.2,23,103.6,71,69.1,92,-0.025,255,12.04,36,116.2,38,104.2,45,4.64,82
37,Santa Clara,WCC,24-7,19.37,122.8,26,103.4,66,70.2,46,0.008,164,5.25,92,111.7,95,106.4,90,4.43,88
38,Clemson,ACC,22-9,18.92,116.2,76,97.3,21,64.3,333,-0.001,189,9.74,70,114.9,65,105.2,67,1.19,164
39,Auburn,SEC,16-15,18.74,125.7,12,107.0,122,67.3,192,-0.051,313,16.98,2,120.0,2,103.0,10,8.76,27
40,Saint Louis,A10,27-4,18.62,120.0,47,101.3,41,71.1,23,0.043,73,0.7,148,108.8,199,108.1,129,-5.22,314
41,Indiana,B10,18-13,18.11,121.1,39,103.0,58,66.3,248,-0.035,285,12.08,34,116.3,35,104.3,48,-4.53,301
42,Cincinnati,B12,17-14,17.76,112.3,119,94.5,12,67.7,164,-0.069,335,11.66,40,115.2,57,103.6,24,-2.66,269
43,SMU,ACC,19-12,17.49,123.7,20,106.2,109,69.1,95,-0.033,279,11.17,51,115.7,47,104.5,54,1.78,141
44,TCU,B12,21-10,17.42,114.6,91,97.2,20,67.7,168,0.01,156,10.83,63,115.3,55,104.5,53,-6.53,332
45,VCU,A10,24-7,16.85,120.2,46,103.3,64,69.1,96,-0.019,237,3.57,103,110.9,106,107.3,103,-1.01,223
46,Oklahoma,SEC,17-14,16.81,123.5,21,106.7,116,66.6,231,-0.068,330,13.41,20,117.5,18,104.1,39,-5.13,311
47,San Diego St.,MWC,20-10,16.71,114.7,90,98.0,23,69.1,98,0.004,170,8.29,76,114.2,69,105.9,79,5.96,60
48,Baylor,B12,16-15,16.24,123.2,22,107.0,121,67.9,155,-0.074,341,14.37,13,116.2,39,101.8,2,1.7,144
49,New Mexico,MWC,22-9,15.93,117.2,65,101.2,40,70.2,50,-0.021,244,6.21,87,112.4,90,106.2,85,1.12,167
50,Missouri,SEC,20-11,15.55,119.7,49,104.2,79,66.2,252,0.055,56,11.49,43,116.8,27,105.3,71,-7.38,344
51,Seton Hall,BE,20-11,15.27,110.3,156,95.0,13,65.1,306,-0.034,283,8.6,75,113.9,74,105.3,70,-3.93,292
52,UCF,B12,20-10,15.08,121.9,32,106.8,119,69.5,75,0.084,20,11.29,48,115.0,62,103.7,30,-2.37,261
53,South Florida,Amer,22-8,15.02,117.8,59,102.8,55,71.8,14,-0.024,253,3.9,102,111.6,97,107.7,116,5.15,78
54,Washington,B10,15-16,14.98,117.2,66,102.2,49,67.3,191,-0.105,361,12.0,37,116.9,25,104.9,60,-0.25,201
55,Tulsa,Amer,24-6,14.71,122.7,27,108.0,142,68.0,142,0.004,168,0.76,146,109.5,159,108.7,147,-2.06,257
56,Boise St.,MWC,20-11,14.4,117.8,60,103.4,65,65.6,283,0.039,86,9.36,71,114.8,67,105.4,72,8.19,36
57,Virginia Tech,ACC,19-12,14.07,117.3,63,103.2,61,67.2,198,0.001,178,10.34,66,115.4,54,105.0,63,-0.41,209
58,West Virginia,B12,18-13,14.04,111.1,136,97.1,19,62.5,363,-0.033,280,9.19,73,114.2,70,105.0,62,-7.84,349
59,Stanford,ACC,20-11,13.71,117.7,61,104.0,76,67.1,204,0.048,64,9.31,72,113.8,76,104.5,52,0.07,194
60,Grand Canyon,MWC,20-11,13.58,110.6,146,97.1,18,68.0,146,-0.056,317,3.98,101,112.1,93,108.1,128,-5.26,316
61,Akron,MAC,26-5,13.43,120.6,42,107.2,128,70.7,29,-0.006,207,-3.84,252,108.2,235,112.1,281,-2.76,272
62,LSU,SEC,15-16,13.22,119.5,52,106.3,112,66.6,229,-0.082,346,10.97,58,116.1,40,105.1,66,-4.28,298
63,Arizona St.,B12,16-15,13.15,116.6,72,103.4,67,69.3,84,0.031,109,14.21,16,117.6,17,103.4,19,6.1,58
64,Colorado,B12,17-14,12.63,119.2,55,106.5,115,68.9,106,0.034,102,11.35,46,115.7,46,104.4,50,0.71,178
65,Florida St.,ACC,17-14,12.48,116.9,67,104.4,81,70.6,31,-0.001,190,10.86,61,115.0,64,104.1,41,-2.71,270
66,Northwestern,B10,13-18,12.45,117.2,64,104.7,89,65.5,291,-0.095,354,13.35,21,117.1,24,103.7,28,-1.21,231
67,Belmont,MVC,26-6,12.41,120.9,40,108.5,154,69.1,101,0.035,100,0.47,152,108.6,208,108.1,127,-3.87,290
68,McNeese St.,Slnd,26-5,12.18,114.9,87,102.7,53,66.4,243,0.079,27,-1.57,202,107.9,250,109.5,171,9.86,21
69,Oklahoma St.,B12,18-13,12.1,118.8,56,106.7,117,72.3,9,0.057,51,12.25,33,115.5,50,103.2,13,-0.86,222
70,Northern Iowa,MVC,23-12,11.87,110.2,158,98.3,25,62.4,364,-0.07,336,1.75,121,109.9,142,108.1,126,-0.56,216
71,California,ACC,21-10,11.73,113.5,107,101.8,42,68.2,134,0.058,48,7.28,78,113.6,78,106.3,86,-5.95,325
72,Minnesota,B10,15-16,11.53,115.1,84,103.6,72,62.5,362,-0.05,312,11.24,50,116.6,31,105.3,69,-7.92,350
73,Wake Forest,ACC,16-15,11.35,116.8,69,105.4,100,68.4,127,-0.026,258,11.34,47,116.0,42,104.6,57,1.19,163
74,Providence,BE,14-17,11.35,121.2,37,109.9,189,71.3,22,-0.098,356,10.84,62,114.1,72,103.3,16,-0.13,197
75,Creighton,BE,15-16,11.32,116.8,68,105.5,101,67.5,179,-0.022,245,11.9,38,115.0,61,103.1,12,3.94,97
76,Nevada,MWC,20-11,11.05,116.0,78,104.9,91,65.6,282,0.013,145,6.48,84,112.8,85,106.3,88,3.36,109
77,USC,B10,18-13,10.84,114.1,98,103.2,62,70.7,30,0.084,23,12.56,29,116.8,28,104.2,46,-0.39,208
78,Yale,Ivy,23-5,10.8,120.4,45,109.6,182,64.9,319,0.064,42,-0.95,184,108.8,200,109.8,181,2.09,132
79,Dayton,A10,21-10,10.64,111.3,135,100.7,36,67.2,195,0.034,103,4.21,100,111.7,94,107.5,108,1.39,154
80,Mississippi,SEC,12-19,10.27,114.2,95,104.0,75,66.1,258,-0.1,359,13.15,25,117.8,14,104.6,58,-1.98,253
81,Syracuse,ACC,15-16,10.22,115.1,85,104.8,90,67.6,176,-0.044,302,10.26,67,113.8,75,103.5,22,-2.07,258
82,George Washington,A10,17-14,9.77,118.1,58,108.3,151,69.3,86,-0.148,365,1.46,130,109.6,157,108.1,124,-2.34,259
83,Butler,BE,16-15,9.76,116.3,75,106.5,114,68.8,108,-0.023,248,10.16,68,114.2,71,104.0,36,-2.6,266
84,Colorado St.,MWC,20-11,9.7,119.9,48,110.2,194,63.0,361,0.041,80,4.95,96,112.8,86,107.8,118,-1.93,251
85,Marquette,BE,12-19,9.63,111.7,130,102.1,47,68.8,110,-0.1,360,11.36,45,115.6,48,104.3,47,1.94,137
86,Georgetown,BE,14-17,9.62,114.8,89,105.2,95,66.5,235,-0.066,328,10.09,69,114.0,73,103.9,31,-4.09,295
87,Wichita St.,Amer,21-10,9.49,113.1,109,103.6,73,66.5,239,-0.044,304,0.84,144,110.0,134,109.2,166,-1.91,250
88,Stephen F. Austin,Slnd,27-4,9.35,113.6,104,104.2,80,66.0,264,-0.005,203,-3.98,253,106.2,293,110.2,195,-3.28,285
89,Utah Valley,WAC,24-7,9.33,113.5,106,104.2,78,69.2,91,0.042,76,-0.12,164,107.6,262,107.7,115,3.16,112
90,Miami OH,MAC,31-0,8.96,116.7,70,107.8,139,70.3,43,0.116,11,-5.06,272,107.6,260,112.7,308,-9.36,361
91,Notre Dame,ACC,13-18,8.83,115.7,81,106.9,120,66.1,261,-0.059,323,11.11,54,115.2,58,104.1,38,1.58,148
92,High Point,BSth,30-4,8.45,117.3,62,108.8,162,70.1,52,0.048,63,-8.73,340,104.0,334,112.8,315,-8.39,353
93,Hofstra,CAA,21-10,8.36,113.8,101,105.4,99,65.2,305,-0.072,337,-0.61,173,108.5,216,109.1,162,3.52,105
94,George Mason,A10,23-8,8.01,114.0,99,106.0,107,63.5,348,0.067,37,0.69,149,110.0,135,109.3,168,-7.39,345
95,South Carolina,SEC,13-18,7.89,112.3,118,104.4,83,66.6,230,-0.057,318,11.12,53,116.9,26,105.8,75,-8.29,352
96,Oregon,B10,12-19,7.7,112.2,120,104.5,84,66.1,257,-0.03,272,13.34,22,117.1,23,103.7,29,1.95,136
97,Xavier,BE,14-17,7.68,116.5,73,108.8,163,70.3,42,-0.003,196,11.28,49,114.3,68,103.0,8,1.45,152
98,Wyoming,MWC,18-13,7.66,115.4,83,107.7,136,66.4,244,-0.009,216,4.3,98,112.3,91,108.0,120,-4.76,303
99,Pittsburgh,ACC,12-19,7.49,113.0,112,105.5,102,63.8,345,-0.079,344,10.89,59,115.0,63,104.1,40,0.91,173
100,Mississippi St.,SEC,13-18,7.36,113.5,105,106.2,110,69.7,66,0.001,181,13.29,23,117.7,15,104.4,51,1.09,168
101,Kansas St.,B12,12-19,7.19,113.0,110,105.8,105,72.7,6,-0.069,333,13.2,24,116.3,36,103.1,11,0.58,184
102,DePaul,BE,16-15,6.96,107.7,198,100.7,38,66.5,240,-0.004,198,8.13,77,113.7,77,105.6,74,-9.66,362
103,Illinois St.,MVC,20-12,6.67,110.7,145,104.0,77,66.8,221,-0.009,214,1.81,120,110.3,121,108.5,144,-2.46,263
104,UNLV,MWC,16-15,6.35,115.9,79,109.6,181,70.2,48,-0.01,218,6.48,85,112.6,88,106.1,84,1.46,151
105,Illinois Chicago,MVC,19-15,6.21,110.6,147,104.4,82,66.5,238,-0.061,326,2.08,116,110.5,115,108.4,141,-2.0,254
106,UC Irvine,BW,22-10,6.04,104.1,269,98.1,24,68.5,123,-0.007,212,-0.56,171,109.0,191,109.5,173,1.06,169
107,UNC Wilmington,CAA,26-6,6.0,112.1,121,106.1,108,65.2,304,0.028,118,-4.42,264,106.9,279,111.3,239,-7.82,348
108,St. Thomas,Sum,24-9,5.98,114.2,96,108.2,146,68.4,128,-0.034,282,-5.11,276,107.7,255,112.8,319,-0.28,204
109,Davidson,A10,19-12,5.91,110.6,148,104.7,88,63.9,343,0.029,112,2.74,108,110.4,120,107.6,112,0.34,192
110,Sam Houston St.,CUSA,21-10,5.89,114.9,86,109.0,165,70.3,40,-0.003,195,0.2,156,109.9,138,109.7,176,6.27,54
111,Cal Baptist,WAC,23-8,5.43,108.1,189,102.7,52,65.8,272,0.084,22,-1.79,208,107.2,273,109.0,158,-2.9,274
112,Pacific,WCC,18-14,5.43,110.5,153,105.1,92,64.7,325,-0.011,221,2.8,107,110.4,116,107.6,113,0.42,188
113,North Dakota St.,Sum,26-7,5.23,112.3,117,107.1,126,66.5,234,0.036,99,-5.23,279,106.9,280,112.1,284,-0.56,215
114,UC San Diego,BW,22-10,5.2,108.8,180,103.6,74,67.4,183,0.004,169,-0.71,176,108.1,242,108.8,149,0.43,187
115,Hawaii,BW,22-8,5.02,107.1,212,102.1,48,69.9,59,0.028,115,-3.43,239,107.0,278,110.4,204,-10.61,364
116,Southern Illinois,MVC,16-16,4.69,104.0,270,99.3,29,69.1,100,-0.094,353,2.41,114,110.3,122,107.9,119,0.61,182
117,Liberty,CUSA,25-6,4.66,118.3,57,113.6,260,64.0,341,0.157,2,-1.3,196,107.9,249,109.2,167,1.21,162
118,Seattle,WCC,20-13,4.59,102.4,297,97.8,22,67.7,163,0.017,138,2.16,115,111.1,103,108.9,156,-2.96,276
119,San Francisco,WCC,17-15,4.57,113.8,102,109.2,172,65.9,269,0.009,158,4.86,97,111.3,101,106.5,92,0.96,170
120,UAB,Amer,19-11,4.3,109.7,165,105.4,98,69.0,104,0.011,152,0.22,155,109.3,166,109.1,163,-4.9,306
121,Murray St.,MVC,20-12,4.21,116.4,74,112.2,233,71.7,17,0.043,75,1.71,123,110.2,128,108.5,143,-3.24,283
122,Bradley,MVC,21-12,4.04,111.9,127,107.9,140,67.5,181,0.039,85,1.21,136,109.4,165,108.2,130,-4.91,308
123,Saint Joseph's,A10,21-10,3.99,106.9,218,102.9,56,68.4,126,0.093,17,1.06,141,109.3,169,108.3,134,-4.61,302
124,UT Rio Grande Valley,Slnd,18-13,3.85,110.9,141,107.1,124,66.6,233,-0.043,299,-1.13,190,108.2,237,109.3,170,8.87,26
125,Florida Atlantic,Amer,17-14,3.51,110.5,152,107.0,123,69.7,68,-0.034,284,2.47,113,110.7,112,108.2,133,3.52,104
126,UC Santa Barbara,BW,18-13,3.48,114.3,94,110.8,209,64.2,338,-0.058,322,-0.76,178,107.7,256,108.5,142,-0.05,196
127,Utah,B12,10-21,3.44,114.6,92,111.1,214,66.2,254,-0.007,208,12.29,32,116.3,37,104.0,33,0.49,186
128,Montana St.,BSky,18-13,3.33,111.1,137,107.7,137,66.1,263,-0.073,339,0.43,153,111.0,104,110.5,209,6.84,48
129,Memphis,Amer,12-18,3.32,106.8,219,103.5,70,70.3,37,-0.068,329,6.38,86,113.1,84,106.7,95,11.06,17
130,Rutgers,B10,13-18,3.3,110.9,139,107.6,134,66.7,226,0.037,96,11.09,55,115.1,59,104.0,37,-7.18,343
131,Fresno St.,MWC,13-18,3.18,107.8,196,104.6,85,68.4,129,-0.069,334,5.16,93,112.6,87,107.5,106,-2.35,260
132,Duquesne,A10,17-14,2.91,110.6,149,107.7,135,69.2,88,-0.011,219,2.51,112,110.7,111,108.2,132,-5.82,322
133,William & Mary,CAA,20-11,2.85,111.6,132,108.7,159,72.9,5,-0.004,197,-1.99,212,108.4,222,110.4,206,0.92,171
134,Maryland,B10,11-19,2.8,110.6,151,107.8,138,66.3,249,0.024,124,14.54,11,117.4,19,102.9,6,1.8,140
135,Rhode Island,A10,16-15,2.78,105.9,236,103.2,59,66.1,260,-0.039,294,1.08,140,109.9,144,108.8,148,-5.19,312
136,Toledo,MAC,17-14,2.64,114.8,88,112.2,234,68.0,139,-0.065,327,-0.9,183,109.9,139,110.8,222,2.48,126
137,Northern Colorado,BSky,20-11,2.42,112.1,122,109.6,183,68.8,109,-0.014,228,-1.6,204,109.6,153,111.2,236,0.39,189
138,Washington St.,WCC,12-20,2.4,114.1,97,111.7,222,68.0,150,-0.094,352,5.58,90,111.4,100,105.9,76,5.5,71
139,Navy,PL,26-6,2.34,107.5,205,105.2,94,65.2,303,0.073,31,-11.76,362,103.3,348,115.1,362,-9.04,359
140,Penn St.,B10,12-19,2.27,114.4,93,112.1,231,67.6,174,-0.005,201,11.01,57,116.0,41,105.0,61,-6.67,334
141,Robert Morris,Horz,22-10,2.17,111.3,134,109.1,169,64.8,323,0.041,77,-4.22,259,109.3,171,113.5,344,-1.28,233
142,North Texas,Amer,18-13,2.16,104.0,273,101.8,43,64.9,316,0.011,150,0.96,142,110.1,131,109.1,164,0.39,190
143,Portland St.,BSky,19-10,1.82,103.8,275,102.0,46,67.7,165,0.017,136,-1.27,193,110.2,125,111.5,256,2.06,134
144,Richmond,A10,15-16,1.72,111.7,131,110.0,192,67.9,156,-0.086,348,0.66,150,109.8,150,109.1,161,-8.54,357
145,Wright St.,Horz,21-11,1.65,112.4,116,110.7,203,67.0,209,-0.005,200,-3.68,248,109.8,149,113.4,342,1.38,156
146,Central Arkansas,ASun,22-11,1.63,110.4,154,108.8,161,68.0,140,0.056,54,-5.09,275,109.2,172,114.3,355,6.29,53
147,East Tennessee St.,SC,22-10,1.61,110.8,143,109.1,170,66.4,245,-0.035,287,-7.91,326,106.9,281,114.8,360,-3.76,289
148,Bowling Green,MAC,18-13,1.56,107.3,207,105.7,104,68.5,124,-0.079,345,-3.07,229,108.4,221,111.5,255,-5.61,319
149,Arkansas St.,SB,20-12,1.41,110.7,144,109.3,176,72.1,11,0.008,163,-3.35,236,107.6,259,111.0,228,3.31,111
150,Charleston,CAA,21-10,1.29,108.6,182,107.3,129,67.9,152,0.089,18,-1.75,205,109.4,164,111.2,233,-1.14,227
151,Winthrop,BSth,23-11,1.18,111.8,129,110.6,201,70.2,49,0.025,123,-4.29,262,107.3,270,111.6,262,1.6,147
152,Harvard,Ivy,17-11,1.18,107.5,204,106.3,113,63.2,357,0.002,175,-3.29,235,108.1,243,111.4,245,-4.82,304
153,Kent St.,MAC,23-8,1.1,112.0,123,110.9,211,70.6,32,0.151,3,-2.63,225,109.5,161,112.1,287,-2.97,277
154,Boston College,ACC,11-20,1.09,104.0,271,102.9,57,66.1,262,-0.035,286,7.06,81,113.4,79,106.3,89,-7.0,339
155,UC Davis,BW,18-13,1.06,109.2,174,108.1,144,68.4,125,0.038,92,0.04,160,108.3,229,108.3,136,2.27,129
156,UT Arlington,WAC,17-13,1.05,103.0,289,101.9,45,65.1,310,0.037,94,1.09,139,109.2,178,108.1,123,3.91,99
157,Valparaiso,MVC,18-15,1.01,108.3,186,107.3,130,65.3,300,0.041,81,1.31,135,109.6,155,108.3,135,-5.6,318
158,Troy,SB,20-11,0.91,110.8,142,109.9,188,65.0,313,0.019,130,-2.61,223,108.0,246,110.6,214,4.56,85
159,St. Bonaventure,A10,15-16,0.88,113.6,103,112.7,247,67.3,190,-0.042,298,1.6,125,109.6,156,108.0,122,-4.07,294
160,Cornell,Ivy,15-12,0.83,119.7,51,118.8,336,71.7,16,-0.026,257,-1.49,200,108.1,241,109.6,174,-0.48,213
161,Loyola Marymount,WCC,15-17,0.77,106.7,221,105.9,106,67.0,205,-0.045,305,1.12,138,110.0,133,108.9,155,-5.21,313
162,Georgia Tech,ACC,11-20,0.61,108.0,193,107.4,131,70.8,26,-0.039,296,6.74,83,112.2,92,105.5,73,-9.34,360
163,Penn,Ivy,16-11,0.55,107.6,201,107.1,125,69.4,79,0.044,72,-0.83,181,109.2,176,110.0,190,0.88,174
164,Eastern Washington,BSky,13-18,0.45,113.8,100,113.4,254,67.8,162,-0.072,338,1.4,131,110.4,119,109.0,159,7.95,40
165,Western Kentucky,CUSA,18-13,0.44,108.4,183,108.0,141,69.8,64,0.017,134,-0.43,169,110.0,132,110.5,208,1.97,135
166,Fordham,A10,17-14,0.31,105.0,254,104.6,86,64.6,327,-0.044,300,-2.27,217,107.9,251,110.1,194,-15.78,365
167,Idaho,BSky,18-14,0.3,108.9,175,108.6,155,67.6,173,-0.035,288,-1.32,198,109.7,151,111.1,229,1.22,161
168,Cal St. Fullerton,BW,17-15,0.3,110.6,150,110.3,196,72.7,7,0.046,68,1.68,124,109.9,140,108.2,131,6.97,44
169,Oakland,Horz,16-16,0.18,115.4,82,115.3,296,70.0,55,0.016,140,0.29,154,110.7,113,110.4,205,17.65,1
170,Temple,Amer,16-14,0.08,112.4,115,112.4,237,65.1,308,-0.048,309,-1.95,210,107.2,272,109.2,165,-2.62,268
171,Middle Tennessee,CUSA,17-14,0.04,109.3,171,109.2,173,65.7,275,0.018,133,1.35,132,110.2,127,108.8,150,11.74,13
172,Austin Peay,ASun,22-9,-0.28,108.1,191,108.4,152,69.5,72,0.033,105,-6.12,295,108.8,198,115.0,361,2.55,121
173,Merrimack,MAAC,22-10,-0.33,107.8,195,108.2,145,63.4,352,0.116,12,-5.71,289,105.5,304,111.2,235,3.66,103
174,Towson,CAA,18-14,-0.56,104.5,259,105.1,93,63.9,342,0.034,101,-0.83,182,109.3,167,110.2,196,3.47,108
175,Cal St. Northridge,BW,19-13,-0.66,108.1,190,108.8,160,73.9,2,0.078,28,-0.02,161,108.6,210,108.6,145,1.32,157
176,Campbell,CAA,16-17,-0.76,112.0,125,112.7,246,69.9,60,0.017,139,1.48,129,109.8,148,108.3,137,8.29,34
177,Kennesaw St.,CUSA,18-13,-0.96,109.8,162,110.8,206,71.5,19,-0.009,215,-2.11,213,108.5,220,110.6,210,-4.9,307
178,Northern Kentucky,Horz,19-13,-0.98,108.4,185,109.3,177,70.0,57,-0.015,229,-4.09,255,110.3,124,114.4,357,-3.3,286
179,Oregon St.,WCC,16-15,-1.23,109.2,173,110.4,197,65.2,301,0.094,16,2.92,106,110.2,126,107.3,104,-1.16,228
180,Texas A&M Corpus Chris,Slnd,17-14,-1.3,104.3,264,105.6,103,66.7,225,0.018,132,0.19,157,109.1,181,108.9,154,17.01,2
181,Utah Tech,WAC,18-14,-1.51,110.9,140,112.4,242,66.1,259,0.096,15,1.31,134,108.0,247,106.7,94,4.2,93
182,New Mexico St.,CUSA,15-15,-1.63,110.1,160,111.7,220,67.0,208,-0.068,332,-1.07,187,108.5,218,109.5,172,1.3,158
183,New Orleans,Slnd,14-17,-1.72,110.3,157,112.0,228,70.1,53,0.037,93,1.48,128,109.0,184,107.6,110,14.65,5
184,Tennessee St.,OVC,23-9,-1.73,109.3,170,111.0,213,70.4,36,0.07,36,-7.71,321,103.7,341,111.4,244,6.12,57
185,Charlotte,Amer,15-15,-1.75,113.1,108,114.9,287,63.6,346,0.001,179,-0.08,162,109.2,173,109.3,169,-0.15,198
186,Queens,ASun,20-13,-1.81,115.7,80,117.5,324,69.7,65,0.057,52,-5.52,284,108.6,209,114.1,354,5.9,63
187,Monmouth,CAA,17-14,-1.83,106.4,226,108.2,147,67.2,197,0.013,146,-2.44,220,107.4,269,109.8,184,-3.2,281
188,Montana,BSky,16-15,-1.89,106.6,222,108.5,153,69.4,80,0.029,113,0.19,158,110.9,108,110.7,216,5.92,62
189,Mercer,SC,19-13,-1.91,111.9,126,113.8,265,69.1,102,-0.021,242,-4.88,269,108.7,206,113.6,345,4.46,87
190,FIU,CUSA,15-16,-1.92,107.6,199,109.6,180,71.9,12,-0.039,295,-0.77,179,109.0,189,109.8,182,0.38,191
191,Columbia,Ivy,16-12,-2.06,108.7,181,110.7,205,66.8,223,0.012,149,-3.13,231,108.4,226,111.5,252,-5.1,310
192,Appalachian St.,SB,19-13,-2.33,106.0,235,108.3,150,63.1,358,0.015,142,-5.07,273,107.4,266,112.5,301,-2.93,275
193,Weber St.,BSky,16-15,-2.42,111.8,128,114.2,274,68.7,113,-0.02,240,-1.52,201,108.5,214,110.0,191,-0.49,214
194,Drake,MVC,14-20,-2.49,110.2,159,112.7,245,67.4,186,-0.06,324,2.66,110,109.8,147,107.1,100,-3.32,287
195,Green Bay,Horz,18-14,-2.53,112.5,114,115.1,290,63.0,359,0.066,39,-1.75,206,110.4,117,112.2,290,6.88,47
196,Portland,WCC,15-19,-2.75,106.3,228,109.0,166,68.6,120,0.064,44,4.24,99,111.7,96,107.4,105,1.29,159
197,Lipscomb,ASun,19-13,-2.77,107.1,215,109.8,187,69.5,76,0.044,71,-4.71,267,109.1,179,113.9,349,5.27,75
198,Marshall,SB,19-12,-2.84,112.7,113,115.5,300,69.4,78,0.049,62,-3.67,247,107.6,257,111.3,242,-0.64,219
199,Indiana St.,MVC,11-21,-2.85,106.4,225,109.3,175,68.2,136,-0.11,363,1.72,122,109.0,192,107.2,101,-5.26,315
200,Massachusetts,MAC,16-15,-2.86,108.8,179,111.7,219,70.2,47,-0.057,319,-3.83,251,107.6,258,111.5,250,-5.99,326
201,Furman,SC,20-12,-2.88,106.8,220,109.7,186,66.2,255,0.003,174,-5.75,290,108.6,211,114.3,356,-0.25,202
202,UMBC,AE,22-8,-2.93,107.5,203,110.5,198,66.3,250,0.048,65,-14.36,365,101.0,365,115.3,364,-6.74,335
203,Howard,MEAC,21-10,-3.06,103.7,276,106.8,118,69.2,89,-0.023,247,-13.42,364,101.2,364,114.6,358,-1.27,232
204,Jacksonville St.,CUSA,15-16,-3.11,105.6,240,108.7,158,65.5,288,-0.05,310,-2.51,221,108.2,236,110.7,217,-5.71,321
205,South Alabama,SB,21-11,-3.15,107.0,217,110.2,193,64.8,322,0.058,50,-5.61,285,106.5,285,112.1,285,-4.86,305
206,Buffalo,MAC,17-14,-3.23,113.0,111,116.2,308,66.6,232,-0.015,230,-3.77,250,107.5,264,111.2,238,-6.4,330
207,Marist,MAAC,19-11,-3.24,99.9,326,103.2,60,66.4,242,-0.01,217,-8.91,344,104.2,331,113.1,327,-7.02,341
208,Louisiana Tech,CUSA,18-13,-3.3,102.0,303,105.3,96,64.6,326,0.04,82,-2.8,226,108.3,234,111.1,230,-6.77,336
209,Siena,MAAC,21-11,-3.4,107.2,211,110.6,200,64.7,324,0.002,176,-9.43,350,103.1,353,112.5,303,-7.41,346
210,Tulane,Amer,17-13,-3.73,107.1,213,110.8,208,67.1,201,0.144,4,0.83,145,108.9,193,108.1,125,-3.21,282
211,Cal Poly,BW,14-18,-3.87,109.8,161,113.7,263,74.2,1,0.009,161,1.53,126,109.1,182,107.5,107,5.55,69
212,Samford,SC,18-14,-3.87,109.8,163,113.7,262,67.4,187,0.009,159,-5.46,282,108.3,228,113.8,347,0.84,175
213,James Madison,SB,18-15,-3.9,109.2,172,113.1,251,66.1,256,0.017,135,-4.44,265,107.0,277,111.4,247,-2.38,262
214,Missouri St.,CUSA,14-17,-3.91,108.1,187,112.1,230,66.0,267,-0.057,320,-1.32,199,108.3,231,109.6,175,-0.64,218
215,Youngstown St.,Horz,15-17,-3.92,105.7,237,109.6,184,67.4,188,-0.092,351,-3.35,237,109.8,145,113.2,334,-1.29,234
216,Tarleton St.,WAC,14-17,-3.97,104.3,266,108.3,148,69.1,94,-0.031,276,1.49,127,108.6,212,107.1,99,4.37,90
217,LIU,NEC,23-10,-4.09,105.5,248,109.5,179,67.9,151,0.102,13,-9.36,349,104.1,332,113.5,343,2.58,120
218,Southern Miss,SB,19-15,-4.09,105.6,244,109.6,185,69.3,85,0.051,60,-3.52,240,107.4,268,110.9,225,1.38,155
219,South Dakota St.,Sum,14-18,-4.27,108.1,188,112.4,238,66.9,212,-0.117,364,-2.62,224,108.1,240,110.8,220,2.98,115
220,Quinnipiac,MAAC,19-13,-4.37,104.2,267,108.6,156,70.0,54,0.027,119,-7.11,308,104.4,318,111.5,253,1.48,150
221,Drexel,CAA,17-15,-4.49,103.0,288,107.5,133,64.3,337,0.011,151,-4.16,256,106.6,284,110.8,221,-7.55,347
222,Tennessee Martin,OVC,22-11,-4.8,100.6,321,105.4,97,64.3,336,0.048,66,-8.31,335,103.3,350,111.6,261,0.58,185
223,Detroit Mercy,Horz,16-14,-4.82,108.9,176,113.7,261,69.1,99,0.073,32,-2.24,214,109.7,152,112.0,276,8.08,39
224,San Diego,WCC,12-21,-5.02,108.4,184,113.4,256,68.1,138,0.003,171,2.66,111,109.9,137,107.3,102,-1.97,252
225,Rice,Amer,12-18,-5.02,108.8,178,113.8,266,65.6,281,0.0,187,0.92,143,109.6,158,108.6,146,-1.6,245
226,Ohio,MAC,15-16,-5.26,108.1,192,113.3,253,68.9,105,0.032,107,-1.04,186,109.2,175,110.2,199,1.41,153
227,La Salle,A10,9-22,-5.29,105.4,250,110.7,204,65.7,279,-0.029,269,5.64,89,111.6,98,105.9,77,4.21,92
228,Elon,CAA,14-18,-5.58,110.4,155,116.0,304,66.9,213,-0.03,273,-1.76,207,108.7,205,110.5,207,-2.61,267
229,Western Carolina,SC,15-15,-5.61,109.7,164,115.3,297,68.0,148,0.0,184,-3.68,249,109.0,188,112.7,310,10.35,19
230,Stony Brook,CAA,17-15,-5.61,105.3,253,110.9,210,66.3,247,0.064,43,-2.53,222,107.2,274,109.7,178,-3.89,291
231,Georgia Southern,SB,20-15,-5.76,111.0,138,116.7,314,70.4,35,0.046,67,-5.67,287,105.8,299,111.4,248,-6.24,329
232,Southeast Missouri St.,OVC,20-13,-5.78,102.3,298,108.1,143,69.0,103,0.031,108,-7.54,316,104.4,320,111.9,274,4.93,80
233,Long Beach St.,BW,10-22,-5.87,105.6,243,111.5,215,68.7,114,-0.03,271,1.34,133,109.0,190,107.7,114,4.81,81
234,Denver,Sum,15-17,-5.87,116.1,77,122.0,358,68.0,141,0.007,165,-1.12,189,109.5,163,110.6,213,8.57,29
235,Vermont,AE,21-11,-5.99,107.2,210,113.2,252,65.1,309,0.0,186,-10.73,357,103.3,349,114.0,352,-2.04,255
236,San Jose St.,MWC,8-23,-6.05,111.5,133,117.5,325,65.0,314,-0.019,239,7.23,79,113.2,80,106.0,81,2.5,124
237,Bethune Cookman,SWAC,17-14,-6.21,103.7,278,109.9,191,69.4,77,0.084,21,-6.59,302,105.4,305,112.0,277,14.27,6
238,Lamar,Slnd,12-19,-6.25,103.1,287,109.4,178,65.7,277,-0.089,349,-2.26,216,107.5,263,109.8,183,-0.23,199
239,Nicholls St.,Slnd,13-18,-6.37,106.2,230,112.6,243,68.6,121,0.049,61,0.55,151,108.9,197,108.3,140,10.12,20
240,Eastern Michigan,MAC,10-21,-6.4,101.9,305,108.3,149,66.6,227,-0.096,355,-0.12,163,110.2,129,110.3,202,2.22,131
241,Charleston Southern,BSth,15-17,-6.42,106.0,234,112.4,241,71.7,15,-0.09,350,-5.92,293,106.3,291,112.2,291,-5.07,309
242,American,PL,16-16,-6.51,105.6,241,112.1,232,66.8,220,-0.024,252,-7.63,319,105.6,302,113.2,335,0.8,176
243,Florida Gulf Coast,ASun,16-18,-6.56,105.7,238,112.3,235,67.7,167,-0.029,264,-5.39,281,108.4,223,113.8,348,0.61,183
244,UNC Asheville,BSth,15-17,-6.65,104.9,255,111.6,218,64.9,317,-0.016,231,-3.2,232,108.3,230,111.5,257,1.72,142
245,Abilene Christian,WAC,13-18,-6.65,100.8,318,107.4,132,67.6,178,0.026,121,1.14,137,108.9,194,107.8,117,1.66,146
246,Texas St.,SB,19-13,-6.66,104.1,268,110.8,207,66.2,253,0.084,24,-6.41,297,105.7,300,112.1,286,-8.65,358
247,Coastal Carolina,SB,19-13,-6.78,101.9,304,108.7,157,67.0,211,0.132,5,-4.44,266,107.2,271,111.7,265,-1.71,247
248,Old Dominion,SB,12-21,-6.83,106.2,229,113.0,250,69.1,97,-0.073,340,-2.44,219,108.7,203,111.2,234,5.48,72
249,Idaho St.,BSky,13-19,-6.99,109.5,166,116.5,311,65.4,296,-0.028,262,-0.24,165,109.6,154,109.9,187,3.95,96
250,Southern Utah,WAC,10-21,-7.08,107.2,209,114.3,278,70.3,39,-0.046,306,2.67,109,109.2,174,106.5,93,6.16,56
251,Colgate,PL,18-15,-7.17,107.8,197,115.0,288,67.0,207,0.044,70,-6.71,304,106.4,288,113.1,329,5.41,73
252,Princeton,Ivy,9-20,-7.24,105.3,252,112.6,244,63.6,347,-0.077,343,-0.63,174,109.5,160,110.1,193,-0.3,205
253,Wofford,SC,19-13,-7.29,109.3,169,116.6,313,68.0,149,0.073,30,-7.13,310,108.3,227,115.5,365,-3.94,293
254,SIU Edwardsville,OVC,19-13,-7.51,99.7,329,107.2,127,64.5,328,-0.007,210,-10.25,354,102.8,357,113.0,324,-7.14,342
255,Radford,BSth,16-16,-7.61,106.4,224,114.0,270,70.8,27,-0.036,290,-6.63,303,106.2,292,112.9,320,-5.85,323
256,Saint Peter's,MAAC,17-12,-7.66,103.0,290,110.6,202,65.7,278,0.066,40,-7.7,320,104.4,322,112.1,279,-0.85,221
257,Fairfield,MAAC,21-12,-7.71,106.2,231,113.9,267,67.1,202,0.081,26,-9.65,351,103.0,354,112.6,306,-8.43,354
258,East Carolina,Amer,11-19,-7.71,103.2,283,110.9,212,68.6,119,0.003,172,-0.41,168,109.9,141,110.3,201,-2.55,264
259,Purdue Fort Wayne,Horz,17-15,-7.78,105.6,242,113.4,255,67.8,158,0.118,9,-1.32,197,110.8,110,112.1,280,8.14,38
260,UC Riverside,BW,10-22,-7.81,103.9,274,111.7,223,68.7,116,-0.048,308,1.91,118,109.9,143,108.0,121,6.79,51
261,Iona,MAAC,18-14,-7.85,104.0,272,111.8,224,68.9,107,0.041,79,-8.36,336,104.3,324,112.6,307,-2.71,271
262,Boston University,PL,16-16,-7.88,112.0,124,119.9,346,63.3,354,-0.039,293,-8.85,343,104.3,323,113.2,330,-4.47,300
263,Nebraska Omaha,Sum,16-17,-7.91,106.3,227,114.2,273,67.2,196,0.033,104,-2.26,215,109.0,185,111.3,240,3.75,101
264,Pepperdine,WCC,9-23,-8.02,105.5,247,113.5,258,68.7,112,-0.018,235,3.53,104,110.6,114,107.1,98,-1.58,242
265,Sacramento St.,BSky,10-21,-8.32,106.0,233,114.3,279,71.9,13,-0.022,246,1.87,119,110.9,105,109.0,160,9.32,24
266,Incarnate Word,Slnd,12-19,-8.42,108.8,177,117.3,319,65.6,287,-0.028,261,-1.0,185,108.0,248,109.0,157,7.31,42
267,Lindenwood,OVC,18-15,-8.44,100.7,320,109.1,168,72.5,8,0.017,137,-8.36,337,103.5,346,111.8,272,2.47,127
268,Milwaukee,Horz,12-20,-8.85,106.5,223,115.4,298,67.5,180,0.013,147,-1.21,191,110.9,107,112.1,282,6.97,45
269,Presbyterian,BSth,15-18,-8.97,103.4,281,112.4,239,64.3,334,-0.02,241,-4.38,263,107.4,265,111.8,270,-1.39,237
270,Central Michigan,MAC,10-21,-9.12,106.0,232,115.1,294,67.3,193,-0.098,357,-1.24,192,108.7,207,109.9,189,1.67,145
271,Longwood,BSth,16-16,-9.15,103.6,279,112.8,248,68.5,122,-0.036,289,-7.98,329,104.8,311,112.8,316,-10.38,363
272,Hampton,CAA,13-19,-9.2,102.6,295,111.8,225,65.5,293,-0.013,226,-3.28,234,106.6,283,109.9,188,-7.01,340
273,Western Michigan,MAC,10-21,-9.21,107.9,194,117.1,318,67.8,160,-0.036,291,-0.81,180,108.9,196,109.7,177,-1.55,241
274,Northwestern St.,Slnd,10-21,-9.38,103.5,280,112.8,249,65.1,307,-0.014,227,-0.25,166,108.1,245,108.3,138,8.44,31
275,Southern,SWAC,15-16,-9.44,104.4,263,113.8,264,70.6,33,0.043,74,-5.19,277,106.1,294,111.3,243,15.68,3
276,Dartmouth,Ivy,11-16,-9.44,104.9,256,114.3,277,69.6,70,0.0,185,-1.91,209,108.8,202,110.7,218,-4.13,296
277,UTEP,CUSA,11-20,-9.49,101.1,311,110.6,199,65.6,280,0.01,155,0.19,159,109.1,183,108.9,152,4.11,94
278,Bellarmine,ASun,13-19,-9.6,116.7,71,126.3,365,64.8,321,-0.013,225,-4.27,260,108.8,201,113.1,326,2.91,116
279,North Dakota,Sum,18-16,-9.62,107.3,206,116.9,316,67.4,185,0.122,7,-3.57,242,108.1,244,111.7,264,-0.25,200
280,Mount St. Mary's,MAAC,15-17,-9.76,99.4,336,109.1,171,67.7,170,0.028,117,-6.95,306,104.7,312,111.6,263,1.15,165
281,South Dakota,Sum,16-16,-10.25,104.4,262,114.7,283,70.0,56,0.056,55,-5.25,280,107.4,267,112.6,305,-3.26,284
282,Morehead St.,OVC,20-13,-10.26,107.1,214,117.3,322,65.5,289,0.16,1,-6.48,299,104.4,319,110.9,224,6.92,46
283,Northeastern,CAA,7-24,-10.55,107.6,200,118.2,330,69.7,67,-0.061,325,-1.28,195,108.5,213,109.8,185,-0.41,210
284,Southeastern Louisiana,Slnd,9-22,-10.57,99.7,330,110.2,195,65.6,286,-0.006,204,-0.44,170,108.5,217,108.9,153,5.65,68
285,Mercyhurst,NEC,17-16,-10.58,101.1,310,111.7,221,64.9,318,-0.006,206,-10.89,359,102.8,358,113.7,346,0.7,179
286,Houston Christian,Slnd,12-19,-10.76,103.7,277,114.5,281,64.3,335,0.038,91,-1.98,211,107.8,252,109.8,186,-0.42,212
287,East Texas A&M,Slnd,11-21,-10.78,100.7,319,111.5,217,68.2,133,0.001,182,-0.34,167,108.5,215,108.9,151,7.2,43
288,North Carolina A&T,CAA,11-19,-10.79,105.5,246,116.3,310,68.6,117,-0.023,249,-3.09,230,107.8,253,110.9,226,-8.43,355
289,Brown,Ivy,9-18,-10.98,98.0,342,109.0,164,66.6,228,-0.05,311,-3.63,246,108.1,239,111.8,269,-8.45,356
290,Lehigh,PL,17-16,-11.32,102.6,296,113.9,268,67.1,200,0.088,19,-8.1,330,105.2,307,113.3,338,-0.27,203
291,Ball St.,MAC,12-19,-11.34,98.6,339,109.9,190,63.8,344,-0.005,202,-3.62,245,108.5,219,112.1,283,-6.0,327
292,Delaware,CUSA,10-21,-11.35,104.5,260,115.9,302,63.3,355,0.006,166,-2.39,218,107.8,254,110.2,197,-6.6,333
293,Loyola Chicago,A10,8-23,-11.43,103.2,284,114.7,282,65.9,271,0.062,46,3.27,105,110.8,109,107.5,109,-4.29,299
294,Jacksonville,ASun,12-20,-11.46,103.2,285,114.7,284,63.5,349,-0.03,270,-3.6,244,109.3,170,112.9,321,5.74,66
295,Eastern Kentucky,ASun,11-21,-11.64,109.4,168,121.0,351,67.4,182,-0.017,233,-3.59,243,109.1,180,112.7,309,3.48,107
296,Sacred Heart,MAAC,14-19,-11.65,107.2,208,118.9,338,68.6,118,0.001,180,-7.18,311,104.4,317,111.6,260,-1.84,249
297,Le Moyne,NEC,15-17,-11.9,102.1,302,114.0,269,69.7,69,-0.018,236,-10.27,355,102.9,355,113.2,337,-1.47,239
298,Grambling St.,SWAC,13-18,-11.9,97.2,344,109.1,167,67.7,166,-0.03,274,-7.74,324,104.2,327,112.0,275,2.51,123
299,Alabama A&M,SWAC,17-14,-12.18,104.8,257,117.0,317,65.6,285,0.053,57,-10.35,356,102.5,359,112.8,317,-1.72,248
300,Chattanooga,SC,13-19,-12.18,105.5,245,117.7,327,67.3,189,-0.029,265,-6.53,300,108.2,238,114.7,359,-2.05,256
301,UNC Greensboro,SC,15-18,-12.19,107.6,202,119.8,345,67.8,159,0.065,41,-5.79,292,108.3,232,114.1,353,-0.42,211
302,USC Upstate,BSth,13-19,-12.38,99.1,337,111.5,216,67.7,171,0.025,122,-5.09,274,106.4,286,111.5,259,-1.02,224
303,Stetson,ASun,12-21,-12.51,105.4,249,117.9,329,66.8,218,0.008,162,-3.37,238,108.9,195,112.3,295,5.24,76
304,West Georgia,ASun,15-17,-12.55,101.7,307,114.3,275,69.4,81,0.072,33,-6.23,296,109.0,186,115.3,363,0.66,180
305,Evansville,MVC,7-25,-12.73,102.1,301,114.9,286,67.1,199,-0.011,223,5.1,94,111.2,102,106.1,83,4.4,89
306,Central Connecticut,NEC,18-12,-12.8,104.8,258,117.6,326,65.2,302,0.116,10,-10.74,358,102.5,360,113.2,336,-1.67,246
307,Wagner,NEC,14-17,-12.85,102.6,294,115.5,299,65.6,284,-0.001,188,-8.72,339,103.5,345,112.2,293,6.1,59
308,Texas Southern,SWAC,12-17,-12.86,102.2,299,115.1,292,68.7,111,-0.025,254,-8.2,332,104.3,326,112.5,299,13.14,11
309,Little Rock,OVC,12-20,-12.88,103.0,291,115.8,301,66.8,222,-0.033,278,-5.93,294,103.8,339,109.8,180,5.21,77
310,Oral Roberts,Sum,10-23,-12.89,102.2,300,115.1,291,67.9,157,-0.055,316,-1.27,194,110.0,136,111.2,237,5.9,64
311,Georgia St.,SB,10-22,-12.92,99.4,335,112.3,236,68.0,147,-0.04,297,-3.53,241,107.6,261,111.1,231,0.01,195
312,Prairie View A&M,SWAC,14-17,-13.07,101.0,312,114.1,271,72.1,10,-0.013,224,-8.65,338,104.1,333,112.7,311,9.37,23
313,Tennessee Tech,OVC,13-18,-13.28,102.7,292,116.0,305,67.0,210,-0.028,260,-7.11,309,103.9,338,111.0,227,3.48,106
314,Louisiana,SB,11-22,-13.29,100.3,322,113.6,259,63.4,353,0.033,106,-4.08,254,106.7,282,110.8,223,-1.47,238
315,Arkansas Pine Bluff,SWAC,13-18,-13.37,103.2,286,116.6,312,69.2,90,0.038,87,-4.98,270,106.4,287,111.4,246,14.92,4
316,Florida A&M,SWAC,14-15,-13.4,98.5,340,111.9,227,68.3,132,0.081,25,-7.97,328,104.5,316,112.5,300,8.15,37
317,Alabama St.,SWAC,10-21,-13.47,100.0,325,113.4,257,69.5,74,-0.068,331,-5.78,291,104.8,310,110.6,215,8.88,25
318,IU Indy,Horz,7-25,-13.84,105.7,239,119.5,342,73.4,3,-0.033,281,-2.97,227,109.3,168,112.3,297,-0.39,207
319,UMass Lowell,AE,15-17,-14.21,102.7,293,116.9,315,69.3,83,0.018,131,-9.35,348,103.7,342,113.0,322,2.49,125
320,Northern Arizona,BSky,10-22,-14.42,105.3,251,119.8,344,64.0,339,0.031,110,-0.56,172,109.8,146,110.4,203,0.66,181
321,Norfolk St.,MEAC,15-16,-14.62,101.6,308,116.2,309,68.0,144,-0.009,213,-10.9,360,101.8,362,112.7,314,0.91,172
322,Cleveland St.,Horz,11-22,-14.67,109.5,167,124.2,362,69.9,61,0.04,83,-1.57,203,110.1,130,111.7,267,4.57,84
323,Eastern Illinois,OVC,13-20,-14.85,97.0,347,111.9,226,65.8,273,0.037,97,-5.63,286,105.0,309,110.6,212,12.71,12
324,Loyola MD,PL,12-20,-14.95,104.3,265,119.2,340,68.3,130,-0.027,259,-8.96,345,104.2,330,113.2,331,-6.51,331
325,Albany,AE,11-21,-15.01,103.4,282,118.4,332,65.3,298,-0.086,347,-6.98,307,105.0,308,112.0,278,4.61,83
326,Lafayette,PL,11-21,-15.33,100.8,316,116.1,306,66.9,214,0.009,160,-7.29,314,105.5,303,112.8,318,-0.37,206
327,Cal St. Bakersfield,BW,8-24,-15.41,101.9,306,117.3,321,70.3,41,0.012,148,0.73,147,108.3,233,107.6,111,0.73,177
328,New Haven,NEC,14-17,-16.15,96.2,351,112.4,240,63.4,351,0.041,78,-9.05,346,103.2,352,112.3,296,3.32,110
329,Manhattan,MAAC,12-20,-16.55,104.5,261,121.0,352,68.0,145,0.053,58,-7.84,325,103.6,343,111.5,251,-2.58,265
330,Holy Cross,PL,11-22,-16.63,100.8,315,117.5,323,65.7,276,-0.007,209,-6.81,305,106.3,290,113.1,328,0.12,193
331,Bucknell,PL,10-23,-16.78,98.3,341,115.1,293,67.0,206,0.015,141,-5.68,288,107.1,275,112.7,313,2.29,128
332,NJIT,AE,16-16,-16.92,97.2,345,114.1,272,68.0,143,0.126,6,-9.17,347,103.5,344,112.7,312,1.5,149
333,Northern Illinois,MAC,9-21,-17.31,97.1,346,114.4,280,67.6,177,0.014,144,-0.7,175,109.5,162,110.2,198,2.61,119
334,Stonehill,NEC,12-21,-17.36,91.9,362,109.3,174,66.5,237,-0.007,211,-9.92,352,103.2,351,113.2,332,-2.82,273
335,North Florida,ASun,7-25,-17.55,107.0,216,124.6,363,70.5,34,-0.029,268,-3.03,228,108.4,224,111.5,249,8.28,35
336,Fairleigh Dickinson,NEC,11-21,-17.69,101.0,313,118.6,334,64.0,340,-0.006,205,-8.17,331,103.7,340,111.9,273,5.68,67
337,Army,PL,11-21,-18.53,100.2,323,118.7,335,67.2,194,0.044,69,-7.48,315,105.9,297,113.4,340,-1.58,243
338,Southern Indiana,OVC,7-23,-18.56,95.7,353,114.3,276,67.7,169,-0.105,362,-7.74,323,104.0,335,111.7,268,-1.17,229
339,UTSA,Amer,5-24,-18.61,99.8,327,118.4,333,68.7,115,0.003,173,1.99,117,110.3,123,108.3,139,2.27,130
340,Niagara,MAAC,8-22,-18.63,99.6,332,118.2,331,62.2,365,-0.038,292,-7.92,327,104.2,329,112.1,288,-3.63,288
341,North Alabama,ASun,9-21,-19.14,99.7,328,118.8,337,65.0,315,0.057,53,-4.18,257,109.2,177,113.4,339,2.67,118
342,Jackson St.,SWAC,11-20,-19.17,100.8,317,120.0,348,69.5,73,0.097,14,-5.48,283,105.8,298,111.3,241,13.8,7
343,Canisius,MAAC,10-21,-19.38,95.3,356,114.7,285,64.4,331,0.019,129,-7.59,317,104.6,314,112.2,294,-3.13,280
344,Air Force,MWC,3-28,-19.42,96.5,350,115.9,303,66.3,251,-0.002,192,5.41,91,112.5,89,107.1,97,-4.16,297
345,Chicago St.,NEC,7-25,-19.63,99.6,333,119.2,339,65.5,290,-0.032,277,-4.2,258,105.9,296,110.1,192,11.21,16
346,The Citadel,SC,11-22,-20.1,100.9,314,121.0,350,64.5,330,0.028,116,-5.02,271,108.4,225,113.4,341,-1.04,226
347,Maryland Eastern Shore,MEAC,9-22,-20.4,94.6,358,115.0,289,63.2,356,-0.046,307,-8.28,334,104.2,328,112.5,302,5.53,70
348,Maine,AE,8-24,-20.41,91.6,363,112.0,229,64.9,320,-0.031,275,-8.83,342,104.3,325,113.1,325,-1.04,225
349,New Hampshire,AE,9-21,-20.8,95.3,355,116.1,307,67.6,175,-0.002,193,-7.72,322,104.6,315,112.3,298,5.79,65
350,Louisiana Monroe,SB,4-28,-21.01,101.3,309,122.3,360,70.3,38,-0.099,358,-3.24,233,107.0,276,110.3,200,-0.75,220
351,Alcorn St.,SWAC,8-22,-21.19,96.7,348,117.9,328,67.4,184,0.04,84,-4.28,261,106.3,289,110.6,211,13.26,9
352,Morgan St.,MEAC,14-15,-21.25,100.1,324,121.3,353,70.9,25,0.118,8,-11.71,361,101.3,363,113.0,323,-1.18,230
353,North Carolina Central,MEAC,12-17,-21.94,99.5,334,121.4,354,66.5,236,0.058,49,-8.79,341,103.4,347,112.2,292,9.62,22
354,Saint Francis,NEC,7-24,-22.37,99.6,331,122.0,357,70.1,51,-0.025,256,-6.47,298,105.2,306,111.7,266,7.56,41
355,Bryant,AE,9-22,-23.09,96.6,349,119.7,343,64.3,332,0.009,157,-7.61,318,103.9,337,111.5,254,2.75,117
356,South Carolina St.,MEAC,9-21,-24.08,95.2,357,119.3,341,68.3,131,0.022,127,-8.23,333,104.4,321,112.6,304,3.97,95
357,Rider,MAAC,4-25,-24.6,95.6,354,120.2,349,66.0,266,-0.024,250,-4.73,268,106.0,295,110.7,219,11.25,15
358,UMKC,Sum,4-27,-25.06,92.2,361,117.3,320,70.0,58,-0.017,234,-1.11,188,110.4,118,111.5,258,6.4,52
359,Binghamton,AE,8-23,-25.6,97.7,343,123.3,361,65.4,295,-0.019,238,-11.94,363,102.0,361,113.9,350,-7.93,351
360,VMI,SC,6-26,-26.21,98.7,338,125.0,364,66.9,215,-0.011,222,-5.21,278,108.7,204,113.9,351,-1.51,240
361,Gardner Webb,BSth,4-29,-26.33,95.7,352,122.1,359,69.3,82,-0.001,191,-0.71,177,109.0,187,109.7,179,5.94,61
362,Delaware St.,MEAC,7-22,-27.49,87.8,365,115.2,295,65.9,270,-0.024,251,-10.23,353,102.9,356,113.2,333,2.09,133
363,Coppin St.,MEAC,7-24,-27.64,92.2,360,119.9,347,68.1,137,0.037,95,-7.18,312,104.7,313,111.8,271,3.66,102
364,Western Illinois,OVC,5-26,-28.44,93.0,359,121.4,355,66.7,224,-0.052,315,-7.21,313,103.9,336,111.1,232,-1.31,235
365,Mississippi Valley St.,SWAC,3-29,-30.84,90.7,364,121.5,356,67.1,203,-0.029,266,-6.59,301,105.6,301,112.2,289,6.21,55
