,Team,Link
0,Duke,https://www.ncaa.com/sites/default/files/images/logos/schools/bgl/duke.svg
1,Clemson,https://www.ncaa.com/sites/default/files/images/logos/schools/bgl/clemson.svg
2,Louisville,https://www.ncaa.com/sites/default/files/images/logos/schools/bgl/louisville.svg
3,SMU,https://www.ncaa.com/sites/default/files/images/logos/schools/bgl/smu.svg
4,Wake Forest,https://www.ncaa.com/sites/default/files/images/logos/schools/bgl/wake-forest.svg
5,UNC,https://www.ncaa.com/sites/default/files/images/logos/schools/bgl/north-carolina.svg
6,Stanford,https://www.ncaa.com/sites/default/files/images/logos/schools/bgl/stanford.svg
7,Georgia Tech,https://www.ncaa.com/sites/default/files/images/logos/schools/bgl/georgia-tech.svg
8,Pitt,https://www.ncaa.com/sites/default/files/images/logos/schools/bgl/pittsburgh.svg
9,Florida State,https://www.ncaa.com/sites/default/files/images/logos/schools/bgl/florida-st.svg
10,Virginia,https://www.ncaa.com/sites/default/files/images/logos/schools/bgl/virginia.svg
11,Notre Dame,https://www.ncaa.com/sites/default/files/images/logos/schools/bgl/notre-dame.svg
12,Virginia Tech,https://www.ncaa.com/sites/default/files/images/logos/schools/bgl/virginia-tech.svg
13,Syracuse,https://www.ncaa.com/sites/default/files/images/logos/schools/bgl/syracuse.svg
14,California,https://www.ncaa.com/sites/default/files/images/logos/schools/bgl/california.svg
15,NC State,https://www.ncaa.com/sites/default/files/images/logos/schools/bgl/north-carolina-st.svg
16,Boston College,https://www.ncaa.com/sites/default/files/images/logos/schools/bgl/boston-college.svg
17,Miami (FL),https://www.ncaa.com/sites/default/files/images/logos/schools/bgl/miami-fl.svg
18,Bryant,https://www.ncaa.com/sites/default/files/images/logos/schools/bgl/bryant.svg
19,Vermont,https://www.ncaa.com/sites/default/files/images/logos/schools/bgl/vermont.svg
20,Maine,https://www.ncaa.com/sites/default/files/images/logos/schools/bgl/maine.svg
21,Albany (NY),https://www.ncaa.com/sites/default/files/images/logos/schools/bgl/albany-ny.svg
22,Binghamton,https://www.ncaa.com/sites/default/files/images/logos/schools/bgl/binghamton.svg
23,UMass-Lowell,https://www.ncaa.com/sites/default/files/images/logos/schools/bgl/umass-lowell.svg
24,New Hampshire,https://www.ncaa.com/sites/default/files/images/logos/schools/bgl/new-hampshire.svg
25,UMBC,https://www.ncaa.com/sites/default/files/images/logos/schools/bgl/umbc.svg
26,NJIT,https://www.ncaa.com/sites/default/files/images/logos/schools/bgl/njit.svg
27,Memphis,https://www.ncaa.com/sites/default/files/images/logos/schools/bgl/memphis.svg
28,North Texas,https://www.ncaa.com/sites/default/files/images/logos/schools/bgl/north-texas.svg
29,UAB,https://www.ncaa.com/sites/default/files/images/logos/schools/bgl/uab.svg
30,Tulane,https://www.ncaa.com/sites/default/files/images/logos/schools/bgl/tulane.svg
31,East Carolina,https://www.ncaa.com/sites/default/files/images/logos/schools/bgl/east-carolina.svg
32,Florida Atlantic,https://www.ncaa.com/sites/default/files/images/logos/schools/bgl/fla-atlantic.svg
33,Temple,https://www.ncaa.com/sites/default/files/images/logos/schools/bgl/temple.svg
34,Wichita State,https://www.ncaa.com/sites/default/files/images/logos/schools/bgl/wichita-st.svg
35,South Florida,https://www.ncaa.com/sites/default/files/images/logos/schools/bgl/south-fla.svg
36,Tulsa,https://www.ncaa.com/sites/default/files/images/logos/schools/bgl/tulsa.svg
37,UTSA,https://www.ncaa.com/sites/default/files/images/logos/schools/bgl/utsa.svg
38,Rice,https://www.ncaa.com/sites/default/files/images/logos/schools/bgl/rice.svg
39,Charlotte,https://www.ncaa.com/sites/default/files/images/logos/schools/bgl/charlotte.svg
40,Lipscomb,https://www.ncaa.com/sites/default/files/images/logos/schools/bgl/lipscomb.svg
41,North Alabama,https://www.ncaa.com/sites/default/files/images/logos/schools/bgl/north-ala.svg
42,Florida Gulf Coast,https://www.ncaa.com/sites/default/files/images/logos/schools/bgl/fgcu.svg
43,Jacksonville,https://www.ncaa.com/sites/default/files/images/logos/schools/bgl/jacksonville.svg
44,Eastern Kentucky,https://www.ncaa.com/sites/default/files/images/logos/schools/bgl/eastern-ky.svg
45,Queens (NC),https://www.ncaa.com/sites/default/files/images/logos/schools/bgl/queens-nc.svg
46,North Florida,https://www.ncaa.com/sites/default/files/images/logos/schools/bgl/north-florida.svg
47,Austin Peay,https://www.ncaa.com/sites/default/files/images/logos/schools/bgl/austin-peay.svg
48,Stetson,https://www.ncaa.com/sites/default/files/images/logos/schools/bgl/stetson.svg
49,Central Arkansas,https://www.ncaa.com/sites/default/files/images/logos/schools/bgl/central-ark.svg
50,West Georgia,https://www.ncaa.com/sites/default/files/images/logos/schools/bgl/west-ga.svg
51,Bellarmine,https://www.ncaa.com/sites/default/files/images/logos/schools/bgl/bellarmine.svg
52,VCU,https://www.ncaa.com/sites/default/files/images/logos/schools/bgl/vcu.svg
53,George Mason,https://www.ncaa.com/sites/default/files/images/logos/schools/bgl/george-mason.svg
54,Loyola (IL),https://www.ncaa.com/sites/default/files/images/logos/schools/bgl/loyola-chicago.svg
55,Dayton,https://www.ncaa.com/sites/default/files/images/logos/schools/bgl/dayton.svg
56,St. Joseph's,https://www.ncaa.com/sites/default/files/images/logos/schools/bgl/saint-josephs.svg
57,Saint Louis,https://www.ncaa.com/sites/default/files/images/logos/schools/bgl/saint-louis.svg
58,St. Bonaventure,https://www.ncaa.com/sites/default/files/images/logos/schools/bgl/st-bonaventure.svg
59,George Washington,https://www.ncaa.com/sites/default/files/images/logos/schools/bgl/george-washington.svg
60,Duquesne,https://www.ncaa.com/sites/default/files/images/logos/schools/bgl/duquesne.svg
61,Rhode Island,https://www.ncaa.com/sites/default/files/images/logos/schools/bgl/rhode-island.svg
62,UMass,https://www.ncaa.com/sites/default/files/images/logos/schools/bgl/massachusetts.svg
63,Davidson,https://www.ncaa.com/sites/default/files/images/logos/schools/bgl/davidson.svg
64,La Salle,https://www.ncaa.com/sites/default/files/images/logos/schools/bgl/la-salle.svg
65,Richmond,https://www.ncaa.com/sites/default/files/images/logos/schools/bgl/richmond.svg
66,Fordham,https://www.ncaa.com/sites/default/files/images/logos/schools/bgl/fordham.svg
67,Houston,https://www.ncaa.com/sites/default/files/images/logos/schools/bgl/houston.svg
68,Texas Tech,https://www.ncaa.com/sites/default/files/images/logos/schools/bgl/texas-tech.svg
69,BYU,https://www.ncaa.com/sites/default/files/images/logos/schools/bgl/byu.svg
70,Arizona,https://www.ncaa.com/sites/default/files/images/logos/schools/bgl/arizona.svg
71,Iowa State,https://www.ncaa.com/sites/default/files/images/logos/schools/bgl/iowa-st.svg
72,Kansas,https://www.ncaa.com/sites/default/files/images/logos/schools/bgl/kansas.svg
73,West Virginia,https://www.ncaa.com/sites/default/files/images/logos/schools/bgl/west-virginia.svg
74,Baylor,https://www.ncaa.com/sites/default/files/images/logos/schools/bgl/baylor.svg
75,TCU,https://www.ncaa.com/sites/default/files/images/logos/schools/bgl/tcu.svg
76,Kansas State,https://www.ncaa.com/sites/default/files/images/logos/schools/bgl/kansas-st.svg
77,Utah,https://www.ncaa.com/sites/default/files/images/logos/schools/bgl/utah.svg
78,Cincinnati,https://www.ncaa.com/sites/default/files/images/logos/schools/bgl/cincinnati.svg
79,UCF,https://www.ncaa.com/sites/default/files/images/logos/schools/bgl/ucf.svg
80,Oklahoma State,https://www.ncaa.com/sites/default/files/images/logos/schools/bgl/oklahoma-st.svg
81,Arizona State,https://www.ncaa.com/sites/default/files/images/logos/schools/bgl/arizona-st.svg
82,Colorado,https://www.ncaa.com/sites/default/files/images/logos/schools/bgl/colorado.svg
83,St. John's (NY),https://www.ncaa.com/sites/default/files/images/logos/schools/bgl/st-johns-ny.svg
84,Creighton,https://www.ncaa.com/sites/default/files/images/logos/schools/bgl/creighton.svg
85,UConn,https://www.ncaa.com/sites/default/files/images/logos/schools/bgl/uconn.svg
86,Marquette,https://www.ncaa.com/sites/default/files/images/logos/schools/bgl/marquette.svg
87,Xavier,https://www.ncaa.com/sites/default/files/images/logos/schools/bgl/xavier.svg
88,Villanova,https://www.ncaa.com/sites/default/files/images/logos/schools/bgl/villanova.svg
89,Georgetown,https://www.ncaa.com/sites/default/files/images/logos/schools/bgl/georgetown.svg
90,Butler,https://www.ncaa.com/sites/default/files/images/logos/schools/bgl/butler.svg
91,Providence,https://www.ncaa.com/sites/default/files/images/logos/schools/bgl/providence.svg
92,DePaul,https://www.ncaa.com/sites/default/files/images/logos/schools/bgl/depaul.svg
93,Seton Hall,https://www.ncaa.com/sites/default/files/images/logos/schools/bgl/seton-hall.svg
94,Northern Colorado,https://www.ncaa.com/sites/default/files/images/logos/schools/bgl/northern-colo.svg
95,Montana,https://www.ncaa.com/sites/default/files/images/logos/schools/bgl/montana.svg
96,Portland State,https://www.ncaa.com/sites/default/files/images/logos/schools/bgl/portland-st.svg
97,Idaho State,https://www.ncaa.com/sites/default/files/images/logos/schools/bgl/idaho-st.svg
98,Montana State,https://www.ncaa.com/sites/default/files/images/logos/schools/bgl/montana-st.svg
99,Northern Arizona,https://www.ncaa.com/sites/default/files/images/logos/schools/bgl/northern-ariz.svg
100,Idaho,https://www.ncaa.com/sites/default/files/images/logos/schools/bgl/idaho.svg
101,Eastern Washington,https://www.ncaa.com/sites/default/files/images/logos/schools/bgl/eastern-wash.svg
102,Weber State,https://www.ncaa.com/sites/default/files/images/logos/schools/bgl/weber-st.svg
103,Sacramento State,https://www.ncaa.com/sites/default/files/images/logos/schools/bgl/sacramento-st.svg
104,High Point,https://www.ncaa.com/sites/default/files/images/logos/schools/bgl/high-point.svg
105,Winthrop,https://www.ncaa.com/sites/default/files/images/logos/schools/bgl/winthrop.svg
106,UNC Asheville,https://www.ncaa.com/sites/default/files/images/logos/schools/bgl/unc-asheville.svg
107,Radford,https://www.ncaa.com/sites/default/files/images/logos/schools/bgl/radford.svg
108,Longwood,https://www.ncaa.com/sites/default/files/images/logos/schools/bgl/longwood.svg
109,Presbyterian,https://www.ncaa.com/sites/default/files/images/logos/schools/bgl/presbyterian.svg
110,Charleston Southern,https://www.ncaa.com/sites/default/files/images/logos/schools/bgl/charleston-so.svg
111,Gardner-Webb,https://www.ncaa.com/sites/default/files/images/logos/schools/bgl/gardner-webb.svg
112,USC Upstate,https://www.ncaa.com/sites/default/files/images/logos/schools/bgl/usc-upstate.svg
113,Michigan State,https://www.ncaa.com/sites/default/files/images/logos/schools/bgl/michigan-st.svg
114,Maryland,https://www.ncaa.com/sites/default/files/images/logos/schools/bgl/maryland.svg
115,Michigan,https://www.ncaa.com/sites/default/files/images/logos/schools/bgl/michigan.svg
116,Wisconsin,https://www.ncaa.com/sites/default/files/images/logos/schools/bgl/wisconsin.svg
117,UCLA,https://www.ncaa.com/sites/default/files/images/logos/schools/bgl/ucla.svg
118,Purdue,https://www.ncaa.com/sites/default/files/images/logos/schools/bgl/purdue.svg
119,Oregon,https://www.ncaa.com/sites/default/files/images/logos/schools/bgl/oregon.svg
120,Illinois,https://www.ncaa.com/sites/default/files/images/logos/schools/bgl/illinois.svg
121,Indiana,https://www.ncaa.com/sites/default/files/images/logos/schools/bgl/indiana.svg
122,Ohio State,https://www.ncaa.com/sites/default/files/images/logos/schools/bgl/ohio-st.svg
123,Rutgers,https://www.ncaa.com/sites/default/files/images/logos/schools/bgl/rutgers.svg
124,Nebraska,https://www.ncaa.com/sites/default/files/images/logos/schools/bgl/nebraska.svg
125,Iowa,https://www.ncaa.com/sites/default/files/images/logos/schools/bgl/iowa.svg
126,Northwestern,https://www.ncaa.com/sites/default/files/images/logos/schools/bgl/northwestern.svg
127,USC,https://www.ncaa.com/sites/default/files/images/logos/schools/bgl/southern-california.svg
128,Minnesota,https://www.ncaa.com/sites/default/files/images/logos/schools/bgl/minnesota.svg
129,Penn State,https://www.ncaa.com/sites/default/files/images/logos/schools/bgl/penn-st.svg
130,Washington,https://www.ncaa.com/sites/default/files/images/logos/schools/bgl/washington.svg
131,UC-San Diego,https://www.ncaa.com/sites/default/files/images/logos/schools/bgl/uc-san-diego.svg
132,UC-Irvine,https://www.ncaa.com/sites/default/files/images/logos/schools/bgl/uc-irvine.svg
133,Cal State Northridge,https://www.ncaa.com/sites/default/files/images/logos/schools/bgl/cal-st-northridge.svg
134,UC-Riverside,https://www.ncaa.com/sites/default/files/images/logos/schools/bgl/uc-riverside.svg
135,UCSB,https://www.ncaa.com/sites/default/files/images/logos/schools/bgl/uc-santa-barbara.svg
136,UC-Davis,https://www.ncaa.com/sites/default/files/images/logos/schools/bgl/uc-davis.svg
137,Cal Poly,https://www.ncaa.com/sites/default/files/images/logos/schools/bgl/cal-poly.svg
138,Cal State Bakersfield,https://www.ncaa.com/sites/default/files/images/logos/schools/bgl/bakersfield.svg
139,Hawaii,https://www.ncaa.com/sites/default/files/images/logos/schools/bgl/hawaii.svg
140,Long Beach State,https://www.ncaa.com/sites/default/files/images/logos/schools/bgl/long-beach-st.svg
141,Cal State Fullerton,https://www.ncaa.com/sites/default/files/images/logos/schools/bgl/cal-st-fullerton.svg
142,Towson,https://www.ncaa.com/sites/default/files/images/logos/schools/bgl/towson.svg
143,UNC Wilmington,https://www.ncaa.com/sites/default/files/images/logos/schools/bgl/unc-wilmington.svg
144,College of Charleston,https://www.ncaa.com/sites/default/files/images/logos/schools/bgl/col-of-charleston.svg
145,William & Mary,https://www.ncaa.com/sites/default/files/images/logos/schools/bgl/william-mary.svg
146,Campbell,https://www.ncaa.com/sites/default/files/images/logos/schools/bgl/campbell.svg
147,Monmouth,https://www.ncaa.com/sites/default/files/images/logos/schools/bgl/monmouth.svg
148,Drexel,https://www.ncaa.com/sites/default/files/images/logos/schools/bgl/drexel.svg
149,Northeastern,https://www.ncaa.com/sites/default/files/images/logos/schools/bgl/northeastern.svg
150,Elon,https://www.ncaa.com/sites/default/files/images/logos/schools/bgl/elon.svg
151,Hampton,https://www.ncaa.com/sites/default/files/images/logos/schools/bgl/hampton.svg
152,Hofstra,https://www.ncaa.com/sites/default/files/images/logos/schools/bgl/hofstra.svg
153,Delaware,https://www.ncaa.com/sites/default/files/images/logos/schools/bgl/delaware.svg
154,Stony Brook,https://www.ncaa.com/sites/default/files/images/logos/schools/bgl/stony-brook.svg
155,North Carolina A&T,https://www.ncaa.com/sites/default/files/images/logos/schools/bgl/nc-at.svg
156,Liberty,https://www.ncaa.com/sites/default/files/images/logos/schools/bgl/liberty.svg
157,Middle Tennessee,https://www.ncaa.com/sites/default/files/images/logos/schools/bgl/middle-tenn.svg
158,Jacksonville State,https://www.ncaa.com/sites/default/files/images/logos/schools/bgl/jacksonville-st.svg
159,Kennesaw State,https://www.ncaa.com/sites/default/files/images/logos/schools/bgl/kennesaw-st.svg
160,New Mexico State,https://www.ncaa.com/sites/default/files/images/logos/schools/bgl/new-mexico-st.svg
161,Louisiana Tech,https://www.ncaa.com/sites/default/files/images/logos/schools/bgl/louisiana-tech.svg
162,Western Kentucky,https://www.ncaa.com/sites/default/files/images/logos/schools/bgl/western-ky.svg
163,UTEP,https://www.ncaa.com/sites/default/files/images/logos/schools/bgl/utep.svg
164,Sam Houston,https://www.ncaa.com/sites/default/files/images/logos/schools/bgl/sam-houston-st.svg
165,Florida International,https://www.ncaa.com/sites/default/files/images/logos/schools/bgl/fiu.svg
166,Robert Morris,https://www.ncaa.com/sites/default/files/images/logos/schools/bgl/robert-morris.svg
167,Milwaukee,https://www.ncaa.com/sites/default/files/images/logos/schools/bgl/milwaukee.svg
168,Cleveland State,https://www.ncaa.com/sites/default/files/images/logos/schools/bgl/cleveland-st.svg
169,Youngstown State,https://www.ncaa.com/sites/default/files/images/logos/schools/bgl/youngstown-st.svg
170,Purdue Fort Wayne,https://www.ncaa.com/sites/default/files/images/logos/schools/bgl/ipfw.svg
171,Northern Kentucky,https://www.ncaa.com/sites/default/files/images/logos/schools/bgl/northern-ky.svg
172,Oakland,https://www.ncaa.com/sites/default/files/images/logos/schools/bgl/oakland.svg
173,Wright State,https://www.ncaa.com/sites/default/files/images/logos/schools/bgl/wright-st.svg
174,IU Indianapolis,https://www.ncaa.com/sites/default/files/images/logos/schools/bgl/iu-indy.svg
175,Detroit Mercy,https://www.ncaa.com/sites/default/files/images/logos/schools/bgl/detroit.svg
176,Green Bay,https://www.ncaa.com/sites/default/files/images/logos/schools/bgl/green-bay.svg
177,Yale,https://www.ncaa.com/sites/default/files/images/logos/schools/bgl/yale.svg
178,Cornell,https://www.ncaa.com/sites/default/files/images/logos/schools/bgl/cornell.svg
179,Princeton,https://www.ncaa.com/sites/default/files/images/logos/schools/bgl/princeton.svg
180,Dartmouth,https://www.ncaa.com/sites/default/files/images/logos/schools/bgl/dartmouth.svg
181,Harvard,https://www.ncaa.com/sites/default/files/images/logos/schools/bgl/harvard.svg
182,Brown,https://www.ncaa.com/sites/default/files/images/logos/schools/bgl/brown.svg
183,Penn,https://www.ncaa.com/sites/default/files/images/logos/schools/bgl/penn.svg
184,Columbia,https://www.ncaa.com/sites/default/files/images/logos/schools/bgl/columbia.svg
185,Quinnipiac,https://www.ncaa.com/sites/default/files/images/logos/schools/bgl/quinnipiac.svg
186,Merrimack,https://www.ncaa.com/sites/default/files/images/logos/schools/bgl/merrimack.svg
187,Marist,https://www.ncaa.com/sites/default/files/images/logos/schools/bgl/marist.svg
188,Mount St. Mary's,https://www.ncaa.com/sites/default/files/images/logos/schools/bgl/mt-st-marys.svg
189,Manhattan,https://www.ncaa.com/sites/default/files/images/logos/schools/bgl/manhattan.svg
190,Iona,https://www.ncaa.com/sites/default/files/images/logos/schools/bgl/iona.svg
191,Sacred Heart,https://www.ncaa.com/sites/default/files/images/logos/schools/bgl/sacred-heart.svg
192,Siena,https://www.ncaa.com/sites/default/files/images/logos/schools/bgl/siena.svg
193,Rider,https://www.ncaa.com/sites/default/files/images/logos/schools/bgl/rider.svg
194,Fairfield,https://www.ncaa.com/sites/default/files/images/logos/schools/bgl/fairfield.svg
195,St. Peter's,https://www.ncaa.com/sites/default/files/images/logos/schools/bgl/st-peters.svg
196,Niagara,https://www.ncaa.com/sites/default/files/images/logos/schools/bgl/niagara.svg
197,Canisius,https://www.ncaa.com/sites/default/files/images/logos/schools/bgl/canisius.svg
198,Akron,https://www.ncaa.com/sites/default/files/images/logos/schools/bgl/akron.svg
199,Miami (OH),https://www.ncaa.com/sites/default/files/images/logos/schools/bgl/miami-oh.svg
200,Kent State,https://www.ncaa.com/sites/default/files/images/logos/schools/bgl/kent-st.svg
201,Toledo,https://www.ncaa.com/sites/default/files/images/logos/schools/bgl/toledo.svg
202,Ohio,https://www.ncaa.com/sites/default/files/images/logos/schools/bgl/ohio.svg
203,Eastern Michigan,https://www.ncaa.com/sites/default/files/images/logos/schools/bgl/eastern-mich.svg
204,Western Michigan,https://www.ncaa.com/sites/default/files/images/logos/schools/bgl/western-mich.svg
205,Bowling Green,https://www.ncaa.com/sites/default/files/images/logos/schools/bgl/bowling-green.svg
206,Central Michigan,https://www.ncaa.com/sites/default/files/images/logos/schools/bgl/central-mich.svg
207,Ball State,https://www.ncaa.com/sites/default/files/images/logos/schools/bgl/ball-st.svg
208,Buffalo,https://www.ncaa.com/sites/default/files/images/logos/schools/bgl/buffalo.svg
209,Northern Illinois,https://www.ncaa.com/sites/default/files/images/logos/schools/bgl/northern-ill.svg
210,Norfolk State,https://www.ncaa.com/sites/default/files/images/logos/schools/bgl/norfolk-st.svg
211,South Carolina State,https://www.ncaa.com/sites/default/files/images/logos/schools/bgl/south-carolina-st.svg
212,Delaware State,https://www.ncaa.com/sites/default/files/images/logos/schools/bgl/delaware-st.svg
213,Morgan State,https://www.ncaa.com/sites/default/files/images/logos/schools/bgl/morgan-st.svg
214,Howard,https://www.ncaa.com/sites/default/files/images/logos/schools/bgl/howard.svg
215,North Carolina Central,https://www.ncaa.com/sites/default/files/images/logos/schools/bgl/nc-central.svg
216,Coppin State,https://www.ncaa.com/sites/default/files/images/logos/schools/bgl/coppin-st.svg
217,Maryland-Eastern Shore,https://www.ncaa.com/sites/default/files/images/logos/schools/bgl/md-east-shore.svg
218,New Mexico,https://www.ncaa.com/sites/default/files/images/logos/schools/bgl/new-mexico.svg
219,Colorado State,https://www.ncaa.com/sites/default/files/images/logos/schools/bgl/colorado-st.svg
220,Utah State,https://www.ncaa.com/sites/default/files/images/logos/schools/bgl/utah-st.svg
221,Boise State,https://www.ncaa.com/sites/default/files/images/logos/schools/bgl/boise-st.svg
222,San Diego State,https://www.ncaa.com/sites/default/files/images/logos/schools/bgl/san-diego-st.svg
223,UNLV,https://www.ncaa.com/sites/default/files/images/logos/schools/bgl/unlv.svg
224,Nevada,https://www.ncaa.com/sites/default/files/images/logos/schools/bgl/nevada.svg
225,San Jose State,https://www.ncaa.com/sites/default/files/images/logos/schools/bgl/san-jose-st.svg
226,Wyoming,https://www.ncaa.com/sites/default/files/images/logos/schools/bgl/wyoming.svg
227,Fresno State,https://www.ncaa.com/sites/default/files/images/logos/schools/bgl/fresno-st.svg
228,Air Force,https://www.ncaa.com/sites/default/files/images/logos/schools/bgl/air-force.svg
229,Drake,https://www.ncaa.com/sites/default/files/images/logos/schools/bgl/drake.svg
230,Bradley,https://www.ncaa.com/sites/default/files/images/logos/schools/bgl/bradley.svg
231,Northern Iowa,https://www.ncaa.com/sites/default/files/images/logos/schools/bgl/uni.svg
232,Belmont,https://www.ncaa.com/sites/default/files/images/logos/schools/bgl/belmont.svg
233,Illinois State,https://www.ncaa.com/sites/default/files/images/logos/schools/bgl/illinois-st.svg
234,UIC,https://www.ncaa.com/sites/default/files/images/logos/schools/bgl/ill-chicago.svg
235,Murray State,https://www.ncaa.com/sites/default/files/images/logos/schools/bgl/murray-st.svg
236,Indiana State,https://www.ncaa.com/sites/default/files/images/logos/schools/bgl/indiana-st.svg
237,Southern Illinois,https://www.ncaa.com/sites/default/files/images/logos/schools/bgl/southern-ill.svg
238,Evansville,https://www.ncaa.com/sites/default/files/images/logos/schools/bgl/evansville.svg
239,Valparaiso,https://www.ncaa.com/sites/default/files/images/logos/schools/bgl/valparaiso.svg
240,Missouri State,https://www.ncaa.com/sites/default/files/images/logos/schools/bgl/missouri-st.svg
241,Central Connecticut,https://www.ncaa.com/sites/default/files/images/logos/schools/bgl/central-conn-st.svg
242,LIU,https://www.ncaa.com/sites/default/files/images/logos/schools/bgl/long-island.svg
243,Mercyhurst,https://www.ncaa.com/sites/default/files/images/logos/schools/bgl/mercyhurst.svg
244,Saint Francis (PA),https://www.ncaa.com/sites/default/files/images/logos/schools/bgl/st-francis-pa.svg
245,FDU,https://www.ncaa.com/sites/default/files/images/logos/schools/bgl/fdu.svg
246,Stonehill,https://www.ncaa.com/sites/default/files/images/logos/schools/bgl/stonehill.svg
247,Wagner,https://www.ncaa.com/sites/default/files/images/logos/schools/bgl/wagner.svg
248,Le Moyne,https://www.ncaa.com/sites/default/files/images/logos/schools/bgl/le-moyne.svg
249,Chicago State,https://www.ncaa.com/sites/default/files/images/logos/schools/bgl/chicago-st.svg
250,Southeast Missouri State,https://www.ncaa.com/sites/default/files/images/logos/schools/bgl/southeast-mo-st.svg
251,SIU-Edwardsville,https://www.ncaa.com/sites/default/files/images/logos/schools/bgl/siu-edwardsville.svg
252,Little Rock,https://www.ncaa.com/sites/default/files/images/logos/schools/bgl/ualr.svg
253,Tennessee State,https://www.ncaa.com/sites/default/files/images/logos/schools/bgl/tennessee-st.svg
254,Lindenwood,https://www.ncaa.com/sites/default/files/images/logos/schools/bgl/lindenwood-mo.svg
255,Tennessee Tech,https://www.ncaa.com/sites/default/files/images/logos/schools/bgl/tennessee-tech.svg
256,Morehead State,https://www.ncaa.com/sites/default/files/images/logos/schools/bgl/morehead-st.svg
257,UT-Martin,https://www.ncaa.com/sites/default/files/images/logos/schools/bgl/ut-martin.svg
258,Eastern Illinois,https://www.ncaa.com/sites/default/files/images/logos/schools/bgl/eastern-ill.svg
259,Western Illinois,https://www.ncaa.com/sites/default/files/images/logos/schools/bgl/western-ill.svg
260,Southern Indiana,https://www.ncaa.com/sites/default/files/images/logos/schools/bgl/southern-ind.svg
261,American,https://www.ncaa.com/sites/default/files/images/logos/schools/bgl/american.svg
262,Bucknell,https://www.ncaa.com/sites/default/files/images/logos/schools/bgl/bucknell.svg
263,Army,https://www.ncaa.com/sites/default/files/images/logos/schools/bgl/army.svg
264,Boston University,https://www.ncaa.com/sites/default/files/images/logos/schools/bgl/boston-u.svg
265,Navy,https://www.ncaa.com/sites/default/files/images/logos/schools/bgl/navy.svg
266,Colgate,https://www.ncaa.com/sites/default/files/images/logos/schools/bgl/colgate.svg
267,Lafayette,https://www.ncaa.com/sites/default/files/images/logos/schools/bgl/lafayette.svg
268,Loyola (MD),https://www.ncaa.com/sites/default/files/images/logos/schools/bgl/loyola-maryland.svg
269,Lehigh,https://www.ncaa.com/sites/default/files/images/logos/schools/bgl/lehigh.svg
270,Holy Cross,https://www.ncaa.com/sites/default/files/images/logos/schools/bgl/holy-cross.svg
271,Auburn,https://www.ncaa.com/sites/default/files/images/logos/schools/bgl/auburn.svg
272,Florida,https://www.ncaa.com/sites/default/files/images/logos/schools/bgl/florida.svg
273,Alabama,https://www.ncaa.com/sites/default/files/images/logos/schools/bgl/alabama.svg
274,Tennessee,https://www.ncaa.com/sites/default/files/images/logos/schools/bgl/tennessee.svg
275,Texas A&M,https://www.ncaa.com/sites/default/files/images/logos/schools/bgl/texas-am.svg
276,Kentucky,https://www.ncaa.com/sites/default/files/images/logos/schools/bgl/kentucky.svg
277,Ole Miss,https://www.ncaa.com/sites/default/files/images/logos/schools/bgl/ole-miss.svg
278,Missouri,https://www.ncaa.com/sites/default/files/images/logos/schools/bgl/missouri.svg
279,Mississippi State,https://www.ncaa.com/sites/default/files/images/logos/schools/bgl/mississippi-st.svg
280,Arkansas,https://www.ncaa.com/sites/default/files/images/logos/schools/bgl/arkansas.svg
281,Vanderbilt,https://www.ncaa.com/sites/default/files/images/logos/schools/bgl/vanderbilt.svg
282,Georgia,https://www.ncaa.com/sites/default/files/images/logos/schools/bgl/georgia.svg
283,Oklahoma,https://www.ncaa.com/sites/default/files/images/logos/schools/bgl/oklahoma.svg
284,Texas,https://www.ncaa.com/sites/default/files/images/logos/schools/bgl/texas.svg
285,LSU,https://www.ncaa.com/sites/default/files/images/logos/schools/bgl/lsu.svg
286,South Carolina,https://www.ncaa.com/sites/default/files/images/logos/schools/bgl/south-carolina.svg
287,Chattanooga,https://www.ncaa.com/sites/default/files/images/logos/schools/bgl/chattanooga.svg
288,UNC Greensboro,https://www.ncaa.com/sites/default/files/images/logos/schools/bgl/unc-greensboro.svg
289,Samford,https://www.ncaa.com/sites/default/files/images/logos/schools/bgl/samford.svg
290,ETSU,https://www.ncaa.com/sites/default/files/images/logos/schools/bgl/east-tenn-st.svg
291,Furman,https://www.ncaa.com/sites/default/files/images/logos/schools/bgl/furman.svg
292,Wofford,https://www.ncaa.com/sites/default/files/images/logos/schools/bgl/wofford.svg
293,VMI,https://www.ncaa.com/sites/default/files/images/logos/schools/bgl/vmi.svg
294,Mercer,https://www.ncaa.com/sites/default/files/images/logos/schools/bgl/mercer.svg
295,Western Carolina,https://www.ncaa.com/sites/default/files/images/logos/schools/bgl/western-caro.svg
296,The Citadel,https://www.ncaa.com/sites/default/files/images/logos/schools/bgl/citadel.svg
297,McNeese State,https://www.ncaa.com/sites/default/files/images/logos/schools/bgl/mcneese.svg
298,Lamar,https://www.ncaa.com/sites/default/files/images/logos/schools/bgl/lamar.svg
299,Nicholls State,https://www.ncaa.com/sites/default/files/images/logos/schools/bgl/nicholls-st.svg
300,Texas A&M-Corpus Christi,https://www.ncaa.com/sites/default/files/images/logos/schools/bgl/am-corpus-chris.svg
301,Southeastern Louisiana,https://www.ncaa.com/sites/default/files/images/logos/schools/bgl/southeastern-la.svg
302,Northwestern State,https://www.ncaa.com/sites/default/files/images/logos/schools/bgl/northwestern-st.svg
303,Incarnate Word,https://www.ncaa.com/sites/default/files/images/logos/schools/bgl/uiw.svg
304,Houston Christian,https://www.ncaa.com/sites/default/files/images/logos/schools/bgl/houston-christian.svg
305,Texas-Rio Grande Valley,https://www.ncaa.com/sites/default/files/images/logos/schools/bgl/utrgv.svg
306,Stephen F. Austin,https://www.ncaa.com/sites/default/files/images/logos/schools/bgl/stephen-f-austin.svg
307,East Texas A&M,https://www.ncaa.com/sites/default/files/images/logos/schools/bgl/tex-am-commerce.svg
308,New Orleans,https://www.ncaa.com/sites/default/files/images/logos/schools/bgl/new-orleans.svg
309,Omaha,https://www.ncaa.com/sites/default/files/images/logos/schools/bgl/neb-omaha.svg
310,St. Thomas,https://www.ncaa.com/sites/default/files/images/logos/schools/bgl/st-thomas-mn.svg
311,South Dakota State,https://www.ncaa.com/sites/default/files/images/logos/schools/bgl/south-dakota-st.svg
312,North Dakota State,https://www.ncaa.com/sites/default/files/images/logos/schools/bgl/north-dakota-st.svg
313,South Dakota,https://www.ncaa.com/sites/default/files/images/logos/schools/bgl/south-dakota.svg
314,North Dakota,https://www.ncaa.com/sites/default/files/images/logos/schools/bgl/north-dakota.svg
315,Denver,https://www.ncaa.com/sites/default/files/images/logos/schools/bgl/denver.svg
316,Kansas City,https://www.ncaa.com/sites/default/files/images/logos/schools/bgl/umkc.svg
317,Oral Roberts,https://www.ncaa.com/sites/default/files/images/logos/schools/bgl/oral-roberts.svg
318,Arkansas State,https://www.ncaa.com/sites/default/files/images/logos/schools/bgl/arkansas-st.svg
319,Troy,https://www.ncaa.com/sites/default/files/images/logos/schools/bgl/troy.svg
320,South Alabama,https://www.ncaa.com/sites/default/files/images/logos/schools/bgl/south-ala.svg
321,James Madison,https://www.ncaa.com/sites/default/files/images/logos/schools/bgl/james-madison.svg
322,Marshall,https://www.ncaa.com/sites/default/files/images/logos/schools/bgl/marshall.svg
323,Appalachian State,https://www.ncaa.com/sites/default/files/images/logos/schools/bgl/appalachian-st.svg
324,Texas State,https://www.ncaa.com/sites/default/files/images/logos/schools/bgl/texas-st.svg
325,Georgia Southern,https://www.ncaa.com/sites/default/files/images/logos/schools/bgl/ga-southern.svg
326,Old Dominion,https://www.ncaa.com/sites/default/files/images/logos/schools/bgl/old-dominion.svg
327,Georgia State,https://www.ncaa.com/sites/default/files/images/logos/schools/bgl/georgia-st.svg
328,Louisiana,https://www.ncaa.com/sites/default/files/images/logos/schools/bgl/la-lafayette.svg
329,Southern Miss,https://www.ncaa.com/sites/default/files/images/logos/schools/bgl/southern-miss.svg
330,Coastal Carolina,https://www.ncaa.com/sites/default/files/images/logos/schools/bgl/coastal-caro.svg
331,Louisiana-Monroe,https://www.ncaa.com/sites/default/files/images/logos/schools/bgl/la-monroe.svg
332,Southern,https://www.ncaa.com/sites/default/files/images/logos/schools/bgl/southern-u.svg
333,Jackson State,https://www.ncaa.com/sites/default/files/images/logos/schools/bgl/jackson-st.svg
334,Bethune-Cookman,https://www.ncaa.com/sites/default/files/images/logos/schools/bgl/bethune-cookman.svg
335,Alabama State,https://www.ncaa.com/sites/default/files/images/logos/schools/bgl/alabama-st.svg
336,Texas Southern,https://www.ncaa.com/sites/default/files/images/logos/schools/bgl/texas-southern.svg
337,Alcorn State,https://www.ncaa.com/sites/default/files/images/logos/schools/bgl/alcorn.svg
338,Florida A&M,https://www.ncaa.com/sites/default/files/images/logos/schools/bgl/florida-am.svg
339,Grambling,https://www.ncaa.com/sites/default/files/images/logos/schools/bgl/grambling.svg
340,Alabama A&M,https://www.ncaa.com/sites/default/files/images/logos/schools/bgl/alabama-am.svg
341,Prairie View,https://www.ncaa.com/sites/default/files/images/logos/schools/bgl/prairie-view.svg
342,Arkansas-Pine Bluff,https://www.ncaa.com/sites/default/files/images/logos/schools/bgl/ark-pine-bluff.svg
343,Mississippi Valley State,https://www.ncaa.com/sites/default/files/images/logos/schools/bgl/mississippi-val.svg
344,Utah Valley,https://www.ncaa.com/sites/default/files/images/logos/schools/bgl/utah-valley.svg
345,Grand Canyon,https://www.ncaa.com/sites/default/files/images/logos/schools/bgl/grand-canyon.svg
346,California Baptist,https://www.ncaa.com/sites/default/files/images/logos/schools/bgl/california-baptist.svg
347,Abilene Christian,https://www.ncaa.com/sites/default/files/images/logos/schools/bgl/abilene-christian.svg
348,Seattle,https://www.ncaa.com/sites/default/files/images/logos/schools/bgl/seattle.svg
349,Tarleton State,https://www.ncaa.com/sites/default/files/images/logos/schools/bgl/tarleton-st.svg
350,UT Arlington,https://www.ncaa.com/sites/default/files/images/logos/schools/bgl/texas-arlington.svg
351,Southern Utah,https://www.ncaa.com/sites/default/files/images/logos/schools/bgl/southern-utah.svg
352,Utah Tech,https://www.ncaa.com/sites/default/files/images/logos/schools/bgl/utah-tech.svg
353,Saint Mary's,https://www.ncaa.com/sites/default/files/images/logos/schools/bgl/st-marys-ca.svg
354,Gonzaga,https://www.ncaa.com/sites/default/files/images/logos/schools/bgl/gonzaga.svg
355,San Francisco,https://www.ncaa.com/sites/default/files/images/logos/schools/bgl/san-francisco.svg
356,Santa Clara,https://www.ncaa.com/sites/default/files/images/logos/schools/bgl/santa-clara.svg
357,Oregon State,https://www.ncaa.com/sites/default/files/images/logos/schools/bgl/oregon-st.svg
358,Washington State,https://www.ncaa.com/sites/default/files/images/logos/schools/bgl/washington-st.svg
359,Loyola Marymount,https://www.ncaa.com/sites/default/files/images/logos/schools/bgl/loyola-marymount.svg
360,Portland,https://www.ncaa.com/sites/default/files/images/logos/schools/bgl/portland.svg
361,Pepperdine,https://www.ncaa.com/sites/default/files/images/logos/schools/bgl/pepperdine.svg
362,Pacific,https://www.ncaa.com/sites/default/files/images/logos/schools/bgl/pacific.svg
363,San Diego,https://www.ncaa.com/sites/default/files/images/logos/schools/bgl/san-diego.svg
364,New Haven,nan
