Team,MP,FG,FGA,FT,FTA,3P,3PA,ORB,DRB,TRB,AST,STL,BLK,TOV,PF,PTS,W,L,FG%,FT%,3P%,2P%
Abilene Christian,200.0,25.92,58.75,13.92,19.75,6.5,19.25,10.75,20.0,30.75,14.58,9.92,3.5,13.33,21.58,72.25,7.0,5.0,0.44,0.71,0.34,0.49
Adams State,200.0,21.0,61.0,25.0,30.0,5.0,25.0,8.0,31.0,39.0,9.0,7.0,14.0,22.0,24.0,72.0,0.0,1.0,0.34,0.83,0.2,0.44
Adrian,200.0,23.0,69.0,13.0,22.0,8.0,35.0,11.0,19.0,30.0,12.0,15.0,1.0,24.0,21.0,67.0,0.0,1.0,0.33,0.59,0.23,0.44
Air Force,200.0,22.42,50.33,14.17,22.0,6.5,20.5,7.0,21.58,28.58,12.58,6.25,3.25,12.58,17.17,65.5,3.0,9.0,0.44,0.65,0.31,0.53
Akron,200.08,35.25,67.42,14.25,19.08,10.83,28.08,10.58,25.17,35.75,20.92,7.5,3.42,9.67,16.17,95.58,9.0,3.0,0.53,0.73,0.39,0.62
Alabama,200.0,31.75,67.42,18.08,23.75,12.33,35.08,10.33,27.92,38.25,17.25,7.58,7.08,10.33,18.83,93.92,9.0,3.0,0.47,0.76,0.35,0.6
Alabama A&M,200.0,22.25,55.58,15.33,21.75,6.33,19.17,7.92,24.08,32.0,10.17,5.5,2.75,11.33,19.33,66.17,6.0,6.0,0.4,0.72,0.33,0.44
Alabama State,200.0,27.36,63.0,13.55,20.09,8.36,23.18,10.55,21.73,32.27,14.0,8.18,3.18,12.0,18.55,76.64,3.0,8.0,0.43,0.67,0.35,0.47
Alaska-Anchorage,200.0,23.0,56.0,7.0,10.0,8.0,28.0,5.0,12.0,17.0,9.0,11.0,3.0,14.0,23.0,61.0,0.0,1.0,0.41,0.7,0.29,0.54
Albany (NY),200.0,29.14,61.93,9.5,15.43,7.71,23.57,9.36,22.14,31.5,15.57,7.57,3.79,12.0,18.36,75.5,4.0,10.0,0.47,0.61,0.34,0.55
Albany State (GA),200.0,24.0,49.0,20.0,26.0,9.0,22.0,6.0,17.0,23.0,13.0,6.0,0.0,17.0,15.0,77.0,0.0,1.0,0.49,0.77,0.41,0.56
Alcorn State,198.82,24.82,58.55,8.55,13.64,7.36,20.0,8.36,17.45,25.82,10.18,8.09,4.27,16.91,19.09,65.55,1.0,10.0,0.43,0.65,0.37,0.47
Allegheny,200.0,16.0,50.0,7.0,17.0,4.0,22.0,7.0,20.0,27.0,6.0,3.0,6.0,18.0,16.0,43.0,0.0,1.0,0.32,0.41,0.18,0.43
American,200.0,28.17,61.33,15.42,20.75,10.0,28.08,8.67,22.08,30.75,14.25,9.0,1.67,11.75,19.75,81.75,7.0,5.0,0.46,0.73,0.35,0.54
Angelo State,200.0,16.0,55.0,17.0,28.0,5.0,20.0,11.0,20.0,31.0,10.0,6.0,6.0,17.0,24.0,54.0,0.0,1.0,0.29,0.61,0.25,0.31
Appalachian State,201.79,26.29,57.93,12.93,21.21,7.93,25.43,10.21,24.57,34.79,13.43,5.21,3.79,9.14,16.79,73.43,8.0,6.0,0.45,0.61,0.31,0.55
Aquinas,200.0,17.0,53.0,5.0,8.0,11.0,23.0,4.0,16.0,20.0,10.0,7.0,2.0,30.0,18.0,50.0,0.0,1.0,0.32,0.62,0.48,0.2
Arizona,200.0,31.55,61.36,18.55,25.64,6.36,17.55,13.09,27.64,40.73,18.45,8.55,4.0,12.18,16.73,88.0,11.0,0.0,0.52,0.72,0.35,0.58
Arizona State,200.0,26.46,57.0,19.08,25.46,8.0,22.31,7.46,22.38,29.85,13.46,7.31,3.77,10.46,17.77,80.0,9.0,4.0,0.47,0.75,0.36,0.53
Arkansas,200.0,30.58,62.83,19.17,25.42,9.17,23.92,9.92,24.17,34.08,17.58,8.0,4.5,9.58,16.17,89.5,9.0,3.0,0.49,0.76,0.39,0.55
Arkansas Baptist,200.0,23.0,61.67,14.0,16.33,3.67,17.0,6.0,23.67,29.67,7.0,10.67,3.67,14.67,21.67,63.67,0.0,3.0,0.37,0.85,0.21,0.43
Arkansas State,201.92,28.08,61.77,17.92,22.85,7.92,25.62,11.46,24.85,36.31,14.31,7.31,2.38,14.15,19.31,82.0,9.0,4.0,0.45,0.79,0.31,0.55
Arkansas-Pine Bluff,200.0,28.69,65.92,13.54,17.54,7.92,25.0,9.54,22.92,32.46,17.08,7.62,3.31,14.62,20.92,78.85,3.0,10.0,0.43,0.76,0.31,0.5
Arlington Baptist,200.0,20.5,57.5,15.5,21.0,4.0,13.0,4.0,18.5,22.5,11.5,8.5,2.0,22.0,16.0,60.5,0.0,2.0,0.36,0.72,0.32,0.37
Army,202.08,25.42,62.33,10.92,14.75,10.83,33.58,9.92,23.33,33.25,14.58,6.0,1.0,11.67,18.25,72.58,5.0,7.0,0.41,0.74,0.32,0.51
Auburn,202.08,28.08,60.17,19.92,27.17,8.17,24.25,11.33,22.5,33.83,13.67,7.75,4.33,10.92,15.83,84.25,8.0,4.0,0.47,0.74,0.34,0.56
Auburn Montgomery,200.0,14.0,66.0,6.0,15.0,5.0,32.0,12.0,19.0,31.0,7.0,15.0,4.0,13.0,14.0,39.0,0.0,1.0,0.21,0.4,0.16,0.26
Austin Peay,200.0,26.8,61.7,13.4,19.2,9.3,27.1,9.3,23.2,32.5,16.6,10.6,2.4,11.7,17.7,76.3,5.0,5.0,0.43,0.71,0.33,0.51
Averett,200.0,15.0,50.0,18.0,23.0,4.0,17.0,6.0,10.0,16.0,8.0,3.0,1.0,30.0,24.0,52.0,0.0,1.0,0.3,0.78,0.24,0.33
BYU,200.0,30.25,60.67,16.42,21.92,8.67,23.67,9.08,26.42,35.5,15.0,9.17,4.75,9.67,13.67,85.58,11.0,1.0,0.5,0.76,0.37,0.59
Ball State,199.92,23.5,58.0,12.17,18.17,6.75,23.17,8.08,20.25,28.33,12.75,7.67,3.08,10.67,16.42,65.92,3.0,9.0,0.41,0.68,0.29,0.48
Baylor,200.0,32.36,64.73,19.0,25.09,9.27,24.36,13.27,24.36,37.64,17.55,7.0,4.73,10.45,16.0,93.0,9.0,2.0,0.5,0.77,0.38,0.58
Bellarmine,200.0,27.82,54.09,14.64,18.09,7.45,21.18,5.27,20.36,25.64,14.82,7.64,1.55,11.09,15.09,77.73,5.0,6.0,0.52,0.81,0.35,0.62
Belmont,199.92,31.0,59.92,12.62,18.92,10.77,27.08,8.38,27.85,36.23,18.85,6.62,3.23,13.46,16.77,85.38,12.0,1.0,0.52,0.65,0.4,0.62
Belmont Abbey,200.0,21.0,52.0,4.0,13.0,5.0,24.0,6.0,18.0,24.0,10.0,3.0,0.0,17.0,19.0,51.0,0.0,1.0,0.4,0.31,0.21,0.57
Benedictine (IL),200.0,23.0,64.0,6.0,9.0,10.0,37.0,8.0,21.0,29.0,19.0,5.0,2.0,16.0,25.0,62.0,0.0,1.0,0.36,0.67,0.27,0.48
Berea,200.0,23.0,61.0,9.0,11.0,9.0,28.0,9.0,22.0,31.0,19.0,8.0,1.0,18.0,15.0,64.0,0.0,1.0,0.38,0.82,0.32,0.42
Bethany (WV),200.0,21.0,58.0,6.0,10.0,10.0,29.0,6.0,23.0,29.0,11.0,6.5,2.5,25.5,20.0,58.0,0.0,2.0,0.36,0.59,0.35,0.38
Bethel (TN),200.0,25.0,67.5,14.0,18.5,4.0,22.5,11.5,19.5,31.0,11.0,11.0,4.0,17.5,23.5,68.0,0.0,2.0,0.37,0.75,0.18,0.46
Bethesda University (CA),195.83,19.83,67.5,10.17,15.17,7.17,26.33,6.67,14.67,21.33,7.67,6.17,1.67,14.83,20.5,57.0,0.0,6.0,0.29,0.65,0.26,0.3
Bethune-Cookman,202.27,25.82,60.27,12.82,19.36,6.18,18.09,9.27,21.0,30.27,12.09,8.0,3.82,10.82,17.18,70.64,3.0,8.0,0.43,0.69,0.34,0.47
Binghamton,201.92,20.77,48.77,18.69,24.85,4.77,16.62,6.85,21.77,28.62,10.62,5.31,3.31,14.15,15.46,65.0,3.0,10.0,0.43,0.75,0.3,0.51
Bloomfield,225.0,35.0,76.0,11.0,14.0,12.0,34.0,9.0,18.0,27.0,20.0,13.0,2.0,12.0,15.0,93.0,0.0,1.0,0.46,0.79,0.35,0.55
Bloomsburg,200.0,14.0,50.0,10.0,11.0,5.0,20.0,6.0,15.0,21.0,9.0,3.0,5.0,17.0,10.0,43.0,0.0,1.0,0.28,0.91,0.25,0.3
Blue Mountain Christian University,200.0,21.0,64.5,13.5,17.0,4.5,26.0,8.5,17.0,25.5,8.5,6.0,2.0,12.0,14.5,60.0,0.0,2.0,0.32,0.79,0.17,0.43
Bluefield State,200.0,22.0,47.0,8.0,13.0,9.0,18.0,8.0,22.0,30.0,10.0,7.0,6.0,21.0,17.0,61.0,0.0,1.0,0.47,0.62,0.5,0.45
Bluefield University,200.0,23.0,60.0,22.0,32.0,8.0,16.0,5.0,17.0,22.0,13.0,10.0,3.0,9.0,24.0,76.0,0.0,1.0,0.38,0.69,0.5,0.34
Bob Jones University,200.0,20.67,60.33,6.0,9.67,7.67,26.33,5.67,15.33,21.0,11.0,8.0,2.0,18.67,17.33,55.0,0.0,3.0,0.34,0.62,0.29,0.39
Boise State,200.0,24.45,57.0,17.64,23.18,8.18,23.36,9.27,23.27,32.55,13.18,4.82,1.36,11.36,17.09,74.73,7.0,4.0,0.43,0.79,0.36,0.48
Boston College,206.82,24.0,59.73,14.91,21.36,7.45,26.73,10.45,25.73,36.18,11.18,4.73,5.45,10.36,17.0,70.36,5.0,6.0,0.4,0.71,0.28,0.5
Boston University,203.85,26.69,54.92,11.31,17.0,9.77,25.31,8.0,20.54,28.54,14.77,5.69,3.23,10.85,17.77,74.62,5.0,8.0,0.49,0.66,0.39,0.59
Bowie State,200.0,16.0,44.0,33.0,41.0,4.0,16.0,7.0,19.0,26.0,5.0,11.0,4.0,23.0,25.0,69.0,0.0,1.0,0.36,0.8,0.25,0.43
Bowling Green,200.0,29.83,61.25,18.5,24.67,7.42,21.58,9.17,24.42,33.58,16.17,12.33,3.75,11.67,17.58,85.58,9.0,3.0,0.48,0.75,0.34,0.56
Boyce,200.0,27.0,64.0,7.0,12.0,7.0,26.0,4.0,22.0,26.0,8.0,4.0,6.0,21.0,21.0,68.0,0.0,1.0,0.42,0.58,0.27,0.53
Bradley,205.77,26.54,59.85,16.54,22.77,8.85,25.85,8.23,22.54,30.77,13.38,10.15,3.54,10.08,18.54,78.46,9.0,4.0,0.44,0.74,0.35,0.52
Brandeis,200.0,24.0,61.0,1.0,6.0,12.0,31.0,7.0,22.0,29.0,15.0,5.0,3.0,10.0,18.0,61.0,0.0,1.0,0.39,0.17,0.39,0.4
Brescia,200.0,18.0,64.0,11.0,15.0,4.5,26.0,7.0,20.5,27.5,9.5,11.5,2.5,14.0,20.5,51.5,0.0,2.0,0.28,0.75,0.17,0.35
Brevard,200.0,25.0,54.0,8.0,11.0,5.0,20.0,2.0,18.0,20.0,14.0,10.0,1.0,12.0,17.0,63.0,0.0,1.0,0.46,0.73,0.25,0.59
Brewton-Parker,200.0,18.5,55.5,8.0,10.5,6.5,18.0,7.0,19.5,26.5,10.5,4.0,2.5,17.0,17.0,51.5,0.0,2.0,0.34,0.71,0.36,0.32
Brown,204.17,26.0,59.17,11.0,15.92,7.83,22.42,9.33,23.58,32.92,15.25,8.0,4.67,12.17,17.0,70.83,5.0,7.0,0.44,0.69,0.34,0.5
Bryan,200.0,19.75,57.75,6.0,9.5,5.75,21.25,7.75,20.0,27.75,10.5,4.25,1.5,21.5,16.5,51.25,0.0,4.0,0.35,0.61,0.3,0.39
Bryant,200.0,22.0,56.08,11.08,15.0,8.5,28.92,7.25,22.67,29.92,13.25,6.5,4.25,13.83,15.5,63.58,3.0,9.0,0.39,0.78,0.3,0.49
Bryant & Stratton Albany,200.0,13.0,70.0,6.0,11.0,4.0,28.0,7.0,14.0,21.0,7.0,8.0,4.0,11.0,14.0,36.0,0.0,1.0,0.19,0.55,0.14,0.21
Bucknell,200.0,22.0,55.08,12.38,16.92,7.62,24.38,7.85,20.15,28.0,12.08,6.85,2.15,13.62,18.15,64.0,3.0,10.0,0.4,0.73,0.31,0.47
Buena Vista,200.0,18.0,53.0,4.0,7.0,12.0,35.0,2.0,12.0,14.0,13.0,4.0,1.0,13.0,8.0,52.0,0.0,1.0,0.34,0.57,0.34,0.33
Buffalo,200.0,24.83,52.92,19.67,26.17,9.0,23.92,7.92,21.08,29.0,12.0,7.75,2.75,9.83,16.5,78.33,10.0,2.0,0.47,0.75,0.38,0.55
Butler,204.17,29.33,62.67,18.33,27.17,8.17,22.92,12.33,25.33,37.67,16.5,7.42,4.25,11.33,15.0,85.17,9.0,3.0,0.47,0.68,0.36,0.53
CCNY,200.0,21.0,62.0,6.0,8.0,4.0,28.0,4.0,22.0,26.0,10.0,2.0,4.0,14.0,16.0,52.0,0.0,1.0,0.34,0.75,0.14,0.5
Cal Poly,201.67,26.53,60.93,19.13,25.4,11.27,31.33,9.2,26.07,35.27,12.87,6.4,2.33,16.4,22.27,83.47,6.0,9.0,0.44,0.75,0.36,0.52
Cal Poly Humboldt,200.0,20.0,62.0,6.0,10.0,7.0,27.0,10.0,25.0,35.0,15.0,6.0,2.0,16.0,11.0,53.0,0.0,1.0,0.32,0.6,0.26,0.37
Cal State Bakersfield,200.0,23.86,57.5,20.64,27.64,4.64,16.93,10.57,21.29,31.86,10.5,8.0,5.93,14.43,19.93,73.0,5.0,9.0,0.42,0.75,0.27,0.47
Cal State Fullerton,200.0,31.64,67.07,17.64,25.57,8.79,26.14,8.86,25.43,34.29,16.64,7.64,2.29,11.07,20.71,89.71,5.0,9.0,0.47,0.68,0.32,0.56
Cal State Northridge,200.15,29.15,66.46,13.92,20.92,7.38,23.69,12.46,25.15,37.62,16.54,7.46,2.31,13.0,17.46,79.62,8.0,5.0,0.44,0.68,0.32,0.5
Cal Tech,200.0,27.0,69.0,21.0,25.0,7.0,27.0,5.0,24.0,29.0,11.0,6.0,0.0,22.0,25.0,82.0,0.0,1.0,0.39,0.84,0.26,0.48
Caldwell,200.0,24.0,63.0,9.0,12.0,11.0,28.0,6.0,23.0,29.0,10.0,9.0,4.0,18.0,18.0,68.0,0.0,1.0,0.38,0.75,0.39,0.37
California,200.0,27.77,58.46,18.23,23.23,9.31,24.0,8.0,24.38,32.38,15.23,6.54,4.23,9.77,16.92,83.08,12.0,1.0,0.48,0.77,0.39,0.54
California Baptist,200.0,26.54,61.31,16.08,22.31,6.23,19.69,13.54,23.46,37.0,11.69,6.15,2.38,11.69,18.85,75.38,10.0,3.0,0.44,0.71,0.32,0.49
Calumet College,200.0,19.0,55.0,10.0,12.0,6.0,18.5,5.5,18.0,23.5,6.0,7.5,2.5,15.5,12.5,54.0,0.0,2.0,0.34,0.83,0.32,0.34
Cameron,200.0,19.0,57.0,16.0,24.0,9.0,28.0,8.0,21.0,29.0,7.0,10.0,3.0,17.0,14.0,63.0,0.0,1.0,0.33,0.67,0.32,0.34
Campbell,200.0,27.17,60.75,18.5,26.67,6.25,21.83,12.33,23.92,36.25,13.17,6.75,2.67,14.33,17.25,79.08,5.0,7.0,0.43,0.69,0.27,0.52
Campbellsville,200.0,22.0,60.0,5.0,7.0,10.0,32.0,3.0,16.0,19.0,16.0,6.0,3.0,12.0,14.0,59.0,0.0,1.0,0.37,0.71,0.31,0.43
Canisius,200.0,20.75,51.67,12.25,18.17,6.42,19.42,8.58,21.5,30.08,11.17,4.33,2.08,13.0,17.33,60.17,5.0,7.0,0.4,0.67,0.33,0.44
Capital,200.0,25.0,62.0,8.0,10.0,12.0,36.0,9.0,23.0,32.0,12.0,8.0,3.0,12.0,16.0,70.0,0.0,1.0,0.4,0.8,0.33,0.5
Carolina,200.0,18.0,53.67,8.67,12.0,6.33,23.0,6.33,18.0,24.33,9.0,4.67,1.33,19.67,17.67,51.0,0.0,3.0,0.34,0.68,0.27,0.38
Catawba,200.0,26.0,58.0,4.0,8.0,6.0,18.0,7.0,7.0,14.0,11.0,15.0,4.0,13.0,24.0,62.0,0.0,1.0,0.45,0.5,0.33,0.5
Central Arkansas,201.92,27.62,63.92,10.85,17.0,10.23,32.85,9.08,25.23,34.31,15.31,9.08,1.46,12.69,15.85,76.31,5.0,8.0,0.43,0.65,0.31,0.55
Central Connecticut,202.27,29.73,62.27,11.55,16.09,8.18,21.55,8.91,26.55,35.45,16.36,6.73,5.0,9.82,12.36,79.18,6.0,5.0,0.47,0.72,0.38,0.52
Central Michigan,200.0,27.5,60.17,12.42,17.33,6.0,21.08,10.42,21.75,32.17,16.67,6.08,4.33,12.0,17.83,73.42,4.0,8.0,0.46,0.71,0.28,0.54
Central Pennsylvania College,200.0,21.67,59.0,12.67,18.67,7.0,22.67,8.0,16.67,24.67,10.33,8.0,1.33,22.0,21.67,63.0,0.0,3.0,0.37,0.69,0.31,0.41
Central State (OH),200.0,28.0,65.0,5.0,8.5,8.0,25.5,6.0,16.5,22.5,14.0,6.5,3.0,14.5,15.5,69.0,0.0,2.0,0.43,0.57,0.31,0.51
Champion Christian,200.0,23.17,70.33,5.67,7.83,11.17,39.5,7.0,16.83,23.83,14.67,7.0,2.67,20.17,15.67,63.17,0.0,6.0,0.33,0.73,0.28,0.39
Charleston Southern,200.0,30.6,67.33,12.53,18.4,14.4,38.4,11.2,30.6,41.8,20.0,4.53,4.0,12.6,19.47,88.13,9.0,6.0,0.45,0.67,0.37,0.57
Charlotte,201.92,24.62,55.15,14.46,20.92,8.38,23.92,10.23,21.92,32.15,13.08,5.23,3.62,10.92,17.46,72.08,6.0,7.0,0.45,0.69,0.35,0.52
Chattanooga,200.0,26.69,59.54,13.08,17.54,11.23,32.0,7.92,23.38,31.31,16.62,6.62,1.85,9.0,18.0,77.69,6.0,7.0,0.45,0.74,0.35,0.56
Cheyney,200.5,22.5,53.5,14.5,21.5,5.0,17.0,6.5,13.0,19.5,7.5,8.5,2.0,18.0,17.0,64.5,0.0,2.0,0.42,0.68,0.29,0.48
Chicago State,200.0,23.46,59.62,14.38,19.08,4.92,17.31,8.54,19.54,28.08,9.54,8.46,1.08,12.0,20.38,66.23,2.0,11.0,0.39,0.76,0.29,0.44
Christendom,200.0,13.0,63.0,5.0,9.0,5.0,18.0,8.0,24.0,32.0,10.0,5.0,2.0,12.0,10.0,36.0,0.0,1.0,0.21,0.56,0.28,0.18
Christian Brothers,200.0,26.0,60.0,10.0,13.0,5.0,26.0,9.0,19.0,28.0,8.0,4.0,1.0,10.0,13.0,67.0,0.0,1.0,0.43,0.77,0.19,0.62
Cincinnati,200.0,25.67,61.0,14.17,22.25,9.17,29.42,10.17,26.92,37.08,17.25,7.17,5.33,13.17,17.0,74.67,7.0,5.0,0.42,0.64,0.32,0.52
Cincinnati-Clermont,200.0,24.0,73.0,10.0,14.0,11.0,36.0,8.0,13.0,21.0,13.0,12.0,1.0,22.0,22.0,69.0,0.0,1.0,0.33,0.71,0.31,0.35
Cleary University,195.5,18.5,57.5,9.0,18.0,4.0,18.0,7.5,19.5,27.0,8.0,4.0,3.0,17.0,21.0,50.0,0.0,2.0,0.32,0.5,0.21,0.36
Clemson,201.92,27.0,59.08,17.23,23.31,8.46,25.15,10.38,25.62,36.0,14.77,6.08,2.62,8.69,16.38,79.69,10.0,3.0,0.46,0.75,0.34,0.55
Cleveland State,200.0,26.07,58.71,16.21,22.43,10.29,27.14,9.43,21.71,31.14,15.43,5.07,2.86,13.5,18.57,78.64,4.0,10.0,0.44,0.71,0.38,0.49
Clinton College,200.0,15.0,65.0,7.0,10.0,4.0,21.0,6.0,16.0,22.0,4.0,10.0,4.0,13.0,17.0,41.0,0.0,1.0,0.23,0.7,0.19,0.25
Coastal Carolina,201.92,25.69,63.92,13.0,18.54,8.77,26.38,9.23,29.54,38.77,11.46,5.15,3.23,9.15,20.62,73.15,7.0,6.0,0.4,0.68,0.32,0.45
Coastal Georgia,200.0,19.33,57.0,12.33,18.33,9.33,28.0,7.33,19.33,26.67,9.33,7.0,3.67,16.67,16.67,60.33,0.0,3.0,0.34,0.67,0.34,0.35
Coe,200.0,19.0,57.5,3.0,4.5,7.5,27.0,7.0,17.5,24.5,10.0,7.5,2.0,18.5,13.0,48.5,0.0,2.0,0.33,0.68,0.28,0.38
Colgate,204.17,29.5,59.67,9.67,13.25,7.33,20.42,6.67,23.0,29.67,15.17,6.17,3.5,10.08,17.42,76.0,6.0,6.0,0.5,0.7,0.37,0.57
College of Biblical Studies,195.88,15.62,53.38,8.38,12.62,5.62,22.62,4.88,16.5,21.38,6.5,7.5,2.88,21.38,16.38,45.25,0.0,8.0,0.29,0.67,0.25,0.32
College of Charleston,200.0,25.15,58.31,18.46,25.54,6.62,23.85,9.92,24.77,34.69,11.92,6.0,4.15,10.0,17.38,75.38,7.0,6.0,0.44,0.72,0.28,0.54
Colorado,202.08,30.25,59.17,18.92,25.17,6.92,18.0,9.5,23.67,33.17,17.08,6.58,3.92,9.92,17.25,86.33,10.0,2.0,0.51,0.75,0.38,0.57
Colorado Christian,200.0,23.0,51.5,9.5,16.0,6.5,20.5,3.0,12.0,15.0,9.0,6.5,0.0,10.5,13.5,62.0,0.0,2.0,0.45,0.59,0.33,0.55
Colorado College,200.0,25.0,61.0,3.0,6.0,4.0,13.0,5.0,17.0,22.0,5.0,5.0,3.0,12.0,18.0,57.0,0.0,1.0,0.41,0.5,0.31,0.44
Colorado State,200.0,28.0,52.92,16.0,19.83,11.42,26.17,6.83,22.75,29.58,17.92,5.33,1.42,10.83,15.92,83.42,9.0,3.0,0.53,0.8,0.43,0.61
Colorado-Colorado Springs,200.0,35.0,75.0,8.0,15.0,15.0,30.0,10.0,12.0,22.0,18.0,3.0,1.0,7.0,21.0,93.0,0.0,1.0,0.47,0.53,0.5,0.44
Columbia,202.08,29.08,60.33,11.83,16.58,8.5,22.92,11.0,27.33,38.33,16.0,6.0,3.67,13.0,16.75,78.5,9.0,3.0,0.48,0.71,0.37,0.54
Columbia International,200.0,19.0,50.5,9.0,12.0,7.5,24.5,4.0,16.5,20.5,9.0,7.0,0.0,14.5,17.5,54.5,0.0,2.0,0.38,0.73,0.32,0.45
Concorida (NE),200.0,28.0,59.0,16.0,18.0,8.0,30.0,6.0,19.0,25.0,11.0,4.0,1.0,11.0,14.0,80.0,0.0,1.0,0.48,0.89,0.27,0.69
Converse,200.0,21.0,67.0,1.0,2.0,7.0,33.0,11.0,19.0,30.0,11.0,5.0,1.0,21.0,11.0,50.0,0.0,1.0,0.31,0.5,0.21,0.41
Coppin State,200.0,22.53,57.27,13.93,19.2,5.67,19.6,8.8,19.87,28.67,12.07,6.73,2.6,14.93,17.73,64.67,2.0,13.0,0.39,0.72,0.3,0.45
Cornell,204.55,31.18,63.18,13.82,19.0,14.18,34.09,9.0,23.91,32.91,21.45,6.09,2.82,12.91,20.0,90.36,6.0,5.0,0.5,0.74,0.41,0.6
Creighton,200.0,27.75,60.58,11.67,15.75,10.17,29.58,9.25,25.83,35.08,17.0,5.92,3.25,10.33,13.75,77.33,7.0,5.0,0.45,0.76,0.34,0.57
Crown (MN),200.0,17.0,48.0,3.0,8.0,6.0,26.0,3.0,21.0,24.0,12.0,6.0,1.0,27.0,17.0,43.0,0.0,1.0,0.35,0.38,0.23,0.5
Culver-Stockton,200.0,18.0,69.0,4.0,9.0,4.0,25.0,11.0,7.0,18.0,11.0,14.0,1.0,19.0,14.0,44.0,0.0,1.0,0.26,0.44,0.16,0.32
Cumberland University,200.0,24.0,57.0,5.0,7.0,5.0,18.0,6.0,17.0,23.0,11.0,9.0,2.0,13.0,17.0,58.0,0.0,1.0,0.42,0.71,0.28,0.49
Curry,200.0,11.0,64.0,7.0,16.0,2.0,16.0,8.0,19.0,27.0,4.0,1.0,4.0,21.0,12.0,31.0,0.0,1.0,0.17,0.44,0.12,0.19
Dakota State,200.0,26.5,57.5,7.5,10.5,6.0,20.0,5.0,20.5,25.5,13.0,7.5,1.5,12.5,22.0,66.5,0.0,2.0,0.46,0.71,0.29,0.54
Dakota Wesleyan,200.0,23.0,65.0,5.0,8.0,11.0,36.0,6.0,18.0,24.0,16.0,7.0,2.0,8.0,19.0,62.0,0.0,1.0,0.35,0.62,0.31,0.41
Dallas,200.0,21.0,57.5,7.5,9.5,4.5,21.5,6.0,17.0,23.0,7.0,3.0,1.0,16.0,11.5,54.0,0.0,2.0,0.37,0.85,0.21,0.47
Dallas Christian,200.0,15.0,56.5,16.0,24.0,3.5,19.0,5.0,18.5,23.5,3.5,7.5,3.0,19.5,11.0,49.5,0.0,2.0,0.27,0.64,0.18,0.3
Dartmouth,200.0,24.82,56.45,15.82,21.82,11.0,29.18,9.0,25.27,34.27,14.45,4.73,3.82,14.18,15.18,76.45,5.0,6.0,0.44,0.7,0.38,0.51
Davidson,200.0,25.92,54.17,14.75,21.83,8.92,23.25,8.42,22.17,30.58,14.08,7.0,3.25,9.58,17.92,75.5,9.0,3.0,0.48,0.67,0.39,0.55
Dayton,203.85,25.92,56.15,19.77,27.0,8.0,24.62,8.15,23.23,31.38,14.77,9.46,4.54,11.31,16.23,79.62,9.0,4.0,0.47,0.7,0.33,0.57
DePaul,200.0,25.31,56.69,16.69,24.08,7.38,22.08,8.38,22.08,30.46,16.23,7.31,3.31,11.31,18.08,74.69,8.0,5.0,0.45,0.71,0.33,0.52
DeSales,200.0,21.0,51.0,11.0,18.0,10.0,26.0,4.0,19.0,23.0,10.0,4.0,0.0,15.0,23.0,63.0,0.0,1.0,0.41,0.61,0.38,0.44
Defiance,199.0,19.0,56.0,5.0,8.0,4.0,20.0,8.0,16.0,24.0,7.0,8.0,2.0,25.0,20.0,47.0,0.0,1.0,0.34,0.62,0.2,0.42
Delaware,202.27,24.73,55.36,10.27,13.82,8.64,24.0,6.0,23.45,29.45,14.09,6.0,3.73,12.55,14.36,68.36,4.0,7.0,0.45,0.72,0.36,0.52
Delaware State,201.79,23.29,59.14,10.07,14.86,5.21,16.14,8.0,21.0,29.0,11.57,8.79,1.79,11.43,14.71,61.86,5.0,9.0,0.4,0.69,0.32,0.42
Denver,200.0,29.43,59.5,16.29,21.43,8.93,22.57,8.86,21.14,30.0,11.71,4.86,2.07,10.07,16.64,84.07,7.0,7.0,0.49,0.75,0.41,0.55
Detroit Mercy,200.0,26.92,63.75,15.83,21.08,6.17,21.58,11.83,24.5,36.33,12.58,5.83,2.58,11.42,20.42,75.83,5.0,7.0,0.42,0.76,0.3,0.49
Dickinson College,200.0,16.0,58.0,3.0,8.0,9.0,32.0,9.0,25.0,34.0,10.0,10.0,2.0,26.0,24.0,44.0,0.0,1.0,0.28,0.38,0.28,0.27
District of Columbia,200.0,20.0,48.0,29.0,33.0,2.0,13.0,3.0,16.0,19.0,5.0,8.0,4.0,14.0,23.0,71.0,0.0,1.0,0.42,0.88,0.15,0.51
Doane College,200.0,25.0,56.0,9.0,10.0,11.0,32.0,3.0,17.0,20.0,17.0,10.0,1.0,13.0,17.0,70.0,0.0,1.0,0.45,0.9,0.34,0.58
Dominican (CA),200.0,26.0,64.5,14.0,17.0,9.0,27.0,8.0,24.5,32.5,17.0,5.5,3.5,14.0,21.5,75.0,0.0,2.0,0.41,0.81,0.34,0.46
Dominican (IL),200.0,21.0,56.0,12.5,20.5,8.5,29.5,3.5,16.0,19.5,15.0,3.0,2.5,22.0,15.5,63.0,0.0,2.0,0.38,0.67,0.29,0.47
Drake,201.92,27.62,59.31,14.31,19.0,9.54,25.69,7.77,25.23,33.0,14.92,5.69,3.62,8.92,15.62,79.08,7.0,6.0,0.47,0.73,0.36,0.54
Drexel,200.0,25.85,59.54,11.62,18.0,8.38,24.31,11.54,22.46,34.0,14.69,7.08,4.23,12.15,17.23,71.69,6.0,7.0,0.44,0.63,0.34,0.51
Duke,200.0,30.0,59.58,17.33,24.67,9.83,27.83,10.75,28.67,39.42,18.58,7.83,4.58,11.17,17.0,87.17,11.0,1.0,0.5,0.7,0.35,0.63
Duquesne,202.18,29.27,59.27,16.64,23.82,8.45,25.09,8.73,23.64,32.36,16.45,7.27,2.82,14.64,21.0,83.64,6.0,5.0,0.49,0.71,0.35,0.6
ETSU,200.0,28.77,59.08,12.92,18.0,8.08,24.31,9.23,22.85,32.08,15.54,9.54,3.69,11.0,16.69,78.54,8.0,5.0,0.49,0.71,0.34,0.59
East Carolina,200.0,23.17,56.92,17.33,24.33,4.75,18.33,10.25,21.83,32.08,10.83,7.0,3.42,12.83,16.25,68.42,5.0,7.0,0.41,0.71,0.26,0.48
East Texas A&M,200.0,27.25,60.5,13.08,18.58,9.67,28.17,8.25,23.17,31.42,18.08,8.0,3.17,13.42,18.33,77.25,6.0,6.0,0.45,0.69,0.34,0.54
East-West,200.0,23.0,57.5,5.5,11.5,5.5,23.0,4.5,13.0,17.5,4.5,11.0,3.0,23.0,17.0,57.0,0.0,2.0,0.4,0.48,0.24,0.51
Eastern,200.0,16.0,66.0,15.0,21.0,7.0,29.0,15.0,15.0,30.0,6.0,6.0,0.0,15.0,22.0,54.0,0.0,1.0,0.24,0.71,0.24,0.24
Eastern Illinois,202.27,22.18,53.82,12.91,17.27,5.0,17.09,6.64,20.36,27.0,11.09,6.55,3.0,12.73,15.91,62.27,3.0,8.0,0.41,0.75,0.29,0.47
Eastern Kentucky,200.0,27.23,65.77,13.92,19.15,10.69,33.0,12.69,22.31,35.0,13.69,7.62,3.85,12.23,17.69,79.08,4.0,9.0,0.41,0.73,0.32,0.5
Eastern Michigan,200.0,26.33,59.67,13.08,18.33,6.17,18.58,10.0,23.58,33.58,13.58,6.83,3.42,11.92,16.58,71.92,6.0,6.0,0.44,0.71,0.33,0.5
Eastern Oregon,200.0,27.5,66.5,6.5,9.0,9.0,22.5,7.5,20.5,28.0,12.0,8.5,1.0,12.5,17.0,70.5,0.0,2.0,0.41,0.73,0.4,0.41
Eastern Washington,204.17,28.17,60.42,13.67,19.42,7.42,21.83,8.67,20.75,29.42,12.83,6.58,2.5,12.92,17.75,77.42,2.0,10.0,0.47,0.7,0.35,0.54
Ecclesia,198.0,19.6,53.2,10.6,19.2,5.2,19.4,5.2,15.6,20.8,9.6,8.2,2.0,19.8,18.8,55.0,0.0,5.0,0.36,0.52,0.26,0.42
Elizabeth City State,200.0,25.0,65.0,11.0,13.0,9.0,28.0,7.0,16.0,23.0,9.0,18.0,2.0,12.0,19.0,70.0,0.0,1.0,0.38,0.85,0.32,0.43
Elms,200.0,14.0,49.0,1.0,6.0,5.0,20.0,5.0,13.0,18.0,10.0,8.0,2.0,28.0,14.0,34.0,0.0,1.0,0.29,0.17,0.25,0.31
Elon,204.17,29.75,63.17,15.42,21.33,10.0,28.25,12.17,22.25,34.42,15.5,7.17,3.33,10.42,17.75,84.92,7.0,5.0,0.47,0.73,0.35,0.57
EmbryâRiddle (AZ),200.0,31.0,65.0,3.0,7.0,14.0,30.0,9.0,16.0,25.0,19.0,5.0,0.0,16.0,18.0,79.0,0.0,1.0,0.48,0.43,0.47,0.49
Emerson,200.0,25.0,64.0,8.0,10.0,9.0,25.0,8.0,12.0,20.0,11.0,8.0,0.0,8.0,25.0,67.0,0.0,1.0,0.39,0.8,0.36,0.41
Emmanuel (MA),200.0,25.0,52.0,12.0,24.0,7.0,20.0,2.0,23.0,25.0,13.0,6.0,2.0,12.0,25.0,69.0,0.0,1.0,0.48,0.5,0.35,0.56
Erskine,200.0,21.5,49.0,7.0,10.5,9.0,26.5,2.5,14.5,17.0,9.5,6.0,1.5,13.5,10.5,59.0,0.0,2.0,0.44,0.71,0.34,0.55
Eureka,200.0,19.5,55.0,9.5,12.5,7.0,21.5,2.5,20.0,22.5,11.0,7.0,2.5,18.5,11.0,55.5,0.0,2.0,0.35,0.7,0.32,0.37
Evangel,200.0,30.0,63.0,10.0,15.0,4.0,21.0,10.0,20.0,30.0,16.0,6.0,3.0,11.0,16.0,74.0,0.0,1.0,0.48,0.67,0.19,0.62
Evansville,200.0,23.54,56.08,14.77,20.85,7.54,24.23,8.62,21.38,30.0,13.62,6.0,4.08,12.23,17.15,69.38,4.0,9.0,0.42,0.7,0.3,0.5
Evergreen State College,200.0,21.0,61.0,6.5,11.5,9.5,30.5,6.0,15.5,21.5,13.0,5.0,2.0,13.0,15.5,58.0,0.0,2.0,0.35,0.57,0.32,0.38
FDU,200.0,26.17,61.08,10.83,15.92,9.83,30.08,11.0,24.25,35.25,14.25,5.58,2.25,12.75,17.42,73.0,4.0,8.0,0.43,0.68,0.33,0.53
Fairfield,202.08,27.33,64.92,11.58,16.33,8.0,23.58,11.92,23.92,35.83,11.5,6.08,3.58,10.5,16.25,74.25,7.0,5.0,0.42,0.69,0.35,0.46
Farmingdale State,200.0,25.0,70.0,4.0,8.0,5.0,20.0,9.0,35.0,44.0,13.0,5.0,8.0,12.0,18.0,59.0,0.0,1.0,0.36,0.5,0.25,0.4
Fisher College,200.0,29.0,73.0,4.0,7.0,11.0,35.0,4.0,10.0,14.0,17.0,3.0,5.0,13.0,19.0,73.0,0.0,1.0,0.4,0.57,0.31,0.47
Fisk,200.0,18.0,66.0,8.0,13.5,5.5,30.5,7.5,25.0,32.5,8.0,7.5,2.5,17.5,12.0,49.5,0.0,2.0,0.27,0.59,0.18,0.35
Florida,200.0,28.92,63.33,18.92,26.58,7.58,26.92,14.75,28.42,43.17,15.42,5.92,4.92,13.0,17.83,84.33,8.0,4.0,0.46,0.72,0.28,0.59
Florida A&M,202.5,24.0,56.6,13.0,21.1,6.3,20.0,7.0,20.7,27.7,11.8,8.4,3.2,15.2,19.3,67.3,3.0,7.0,0.43,0.6,0.31,0.49
Florida Atlantic,202.08,29.25,62.75,15.42,20.67,9.25,26.08,12.08,24.0,36.08,14.25,6.25,5.83,11.25,17.33,83.17,8.0,4.0,0.46,0.75,0.35,0.55
Florida Gulf Coast,204.17,29.75,66.33,14.58,19.92,9.0,26.25,11.33,21.75,33.08,15.42,8.92,3.08,11.25,20.83,83.08,5.0,7.0,0.45,0.72,0.36,0.52
Florida International,200.0,29.6,64.7,16.2,24.5,8.8,24.2,11.2,22.5,33.7,18.0,11.1,5.8,12.1,18.6,84.2,6.0,4.0,0.46,0.65,0.38,0.51
Florida Memorial,200.0,17.0,56.0,19.0,25.0,5.0,19.0,10.0,22.0,32.0,6.0,10.0,3.0,12.0,21.0,58.0,0.0,1.0,0.3,0.76,0.26,0.32
Florida National University,190.0,19.0,58.0,6.0,8.0,5.0,15.0,9.0,15.0,24.0,11.0,3.0,3.0,23.0,18.0,49.0,0.0,1.0,0.33,0.75,0.33,0.33
Florida State,200.0,28.67,68.33,16.08,22.67,11.42,36.5,12.33,22.08,34.42,15.92,10.33,4.17,12.67,20.58,84.83,6.0,6.0,0.42,0.71,0.31,0.55
Fordham,200.0,29.83,63.08,9.42,14.17,7.25,23.58,11.75,26.83,38.58,17.08,7.25,2.83,10.92,14.92,76.33,8.0,4.0,0.47,0.68,0.31,0.57
Fort Valley State,200.0,16.0,59.0,18.0,31.0,6.0,20.0,8.0,23.0,31.0,10.0,9.0,2.0,14.0,21.0,56.0,0.0,1.0,0.27,0.58,0.3,0.26
Franciscan,200.0,22.0,72.0,10.0,13.0,6.0,21.0,7.0,15.0,22.0,9.0,11.0,3.0,10.0,22.0,60.0,0.0,1.0,0.31,0.77,0.29,0.31
Franklin,200.0,14.0,45.0,5.0,14.0,4.0,15.0,4.0,17.0,21.0,9.0,10.0,4.0,24.0,17.0,37.0,0.0,1.0,0.31,0.36,0.27,0.33
Franklin Pierce,200.0,28.0,62.0,4.0,6.0,12.0,30.0,5.0,29.0,34.0,20.0,9.0,5.0,19.0,16.0,72.0,0.0,1.0,0.45,0.67,0.4,0.5
Fresno Pacific,200.0,16.0,60.0,13.0,18.0,6.0,35.0,11.0,12.0,23.0,4.0,6.0,0.0,10.0,21.0,51.0,0.0,1.0,0.27,0.72,0.17,0.4
Fresno State,200.0,27.08,58.5,14.25,19.92,7.67,24.17,8.5,22.92,31.42,14.5,7.42,2.0,13.08,16.5,76.08,6.0,6.0,0.47,0.71,0.33,0.57
Furman,200.0,28.77,59.15,12.08,18.69,9.0,29.23,10.62,25.38,36.0,17.31,5.77,3.54,12.31,13.92,78.62,9.0,4.0,0.49,0.62,0.31,0.67
Gallaudet,200.0,23.0,64.0,2.0,3.0,5.0,23.0,7.0,13.0,20.0,8.0,9.0,1.0,16.0,9.0,53.0,0.0,1.0,0.36,0.67,0.22,0.44
Gardner-Webb,200.0,24.73,58.6,13.2,18.8,6.87,22.53,7.67,21.2,28.87,10.6,6.07,2.67,13.6,17.07,69.53,2.0,13.0,0.42,0.7,0.3,0.49
Geneva,200.0,16.0,45.0,7.0,11.0,8.0,23.0,6.0,16.0,22.0,11.0,8.0,1.0,22.0,12.0,47.0,0.0,1.0,0.36,0.64,0.35,0.36
George Fox,200.0,16.0,52.0,12.0,18.0,6.0,26.0,5.0,17.0,22.0,5.0,2.0,0.0,14.0,15.0,50.0,0.0,1.0,0.31,0.67,0.23,0.38
George Mason,200.0,25.75,53.67,21.17,27.92,7.33,18.83,8.92,24.08,33.0,13.33,5.83,3.75,11.33,14.75,80.0,11.0,1.0,0.49,0.76,0.41,0.53
George Washington,200.0,29.0,59.92,19.92,27.17,8.92,25.42,10.25,24.5,34.75,15.83,7.75,3.33,12.5,18.67,86.83,8.0,4.0,0.48,0.71,0.35,0.58
Georgetown,204.17,26.33,60.25,19.33,26.67,6.08,20.83,10.33,23.67,34.0,15.83,7.25,4.83,8.33,18.5,78.08,8.0,4.0,0.44,0.74,0.29,0.51
Georgia,202.27,33.91,67.91,22.18,28.64,9.55,30.45,12.18,29.0,41.18,17.18,10.64,8.0,11.27,17.55,99.55,10.0,1.0,0.5,0.78,0.3,0.65
Georgia Southern,201.67,27.87,62.93,18.33,25.33,9.93,29.67,9.73,22.33,32.07,11.93,8.73,3.4,10.33,19.33,84.0,10.0,5.0,0.44,0.72,0.34,0.54
Georgia State,200.0,21.08,58.77,15.69,20.54,7.92,27.31,8.62,22.85,31.46,10.69,6.54,2.77,11.92,20.15,65.77,3.0,10.0,0.36,0.76,0.29,0.43
Georgia Tech,202.08,27.17,61.33,14.42,21.33,6.75,19.75,9.75,26.67,36.42,17.08,7.08,4.25,12.0,17.08,75.5,8.0,4.0,0.45,0.66,0.36,0.49
Georgian Court,200.0,20.5,64.0,12.0,22.0,7.0,32.0,8.5,15.5,24.0,12.5,9.0,3.5,13.5,20.5,60.0,0.0,2.0,0.32,0.56,0.22,0.43
Gonzaga,200.0,34.77,66.77,15.15,21.08,7.62,20.69,11.46,27.0,38.46,20.0,8.85,3.54,10.08,18.46,92.31,12.0,1.0,0.52,0.7,0.38,0.59
Grambling,200.0,23.82,52.27,17.82,24.91,6.0,18.09,7.73,20.0,27.73,13.0,8.64,3.73,14.36,19.18,71.45,5.0,6.0,0.46,0.72,0.33,0.53
Grand Canyon,200.0,25.82,58.27,17.45,23.09,6.45,21.73,10.91,24.82,35.73,13.73,6.55,2.64,12.0,17.64,75.55,7.0,4.0,0.45,0.76,0.28,0.54
Green Bay,201.79,24.21,52.64,17.64,24.71,7.0,21.36,5.86,22.14,28.0,12.86,5.14,2.64,10.07,17.86,73.07,6.0,8.0,0.46,0.7,0.32,0.55
Gwynedd-Mercy,200.0,24.0,65.0,4.0,7.0,8.0,28.0,6.0,13.0,19.0,14.0,10.0,2.0,10.0,6.0,60.0,0.0,1.0,0.37,0.57,0.29,0.43
Hampton,200.0,25.08,57.77,16.92,23.77,6.85,22.31,10.92,23.0,33.92,13.38,7.46,3.77,11.31,18.85,73.92,6.0,7.0,0.43,0.68,0.31,0.51
Hannibal-LaGrange,200.0,16.0,54.0,8.0,11.0,7.0,31.0,6.0,12.0,18.0,10.0,5.0,2.0,12.0,16.0,47.0,0.0,1.0,0.3,0.73,0.23,0.39
Hanover,200.0,20.0,61.0,6.0,7.0,9.0,34.0,9.0,15.0,24.0,13.0,4.0,2.0,14.0,14.0,55.0,0.0,1.0,0.33,0.86,0.26,0.41
Harris-Stowe,200.0,21.0,74.0,7.0,11.0,3.0,25.0,9.0,25.0,34.0,10.0,7.0,4.0,22.0,17.0,52.0,0.0,1.0,0.28,0.64,0.12,0.37
Harvard,200.0,25.92,54.83,11.75,15.0,7.0,19.33,6.92,22.5,29.42,14.0,7.5,2.92,10.75,13.5,70.58,6.0,6.0,0.47,0.81,0.36,0.53
Haskell (KS),200.0,21.5,61.5,8.5,9.5,8.0,25.5,4.0,19.0,23.0,12.5,9.0,3.0,15.0,19.0,59.5,0.0,2.0,0.35,0.93,0.31,0.38
Hawaii,200.0,26.5,56.83,20.5,28.42,6.92,22.42,9.58,27.67,37.25,14.08,6.5,3.42,12.92,17.83,80.42,10.0,2.0,0.47,0.72,0.31,0.57
Hawaii Pacific,200.0,28.5,65.0,11.0,15.5,9.5,28.5,8.0,18.0,26.0,15.5,8.0,1.0,6.5,19.5,77.5,1.0,1.0,0.44,0.75,0.33,0.52
Hawaii-Hilo,200.0,20.0,61.0,4.0,7.0,2.0,15.0,11.0,19.0,30.0,2.0,6.0,1.0,15.0,20.0,46.0,0.0,1.0,0.33,0.57,0.13,0.39
High Point,201.92,31.85,62.69,19.77,26.92,9.92,26.54,10.08,22.92,33.0,17.15,11.62,3.08,8.77,18.62,93.38,10.0,3.0,0.51,0.73,0.38,0.6
Hofstra,200.0,27.77,59.54,13.15,18.23,8.92,24.38,10.23,24.15,34.38,14.38,5.77,4.0,11.15,16.54,77.62,9.0,4.0,0.47,0.73,0.38,0.54
Holy Cross,200.0,23.77,56.15,11.46,16.77,7.23,23.92,7.38,21.15,28.54,11.15,6.62,1.38,10.77,14.31,66.23,5.0,8.0,0.43,0.7,0.3,0.51
Holy Cross (IN),200.0,25.0,70.0,5.0,7.0,4.0,23.0,11.0,21.0,32.0,11.0,6.0,2.0,12.0,12.0,59.0,0.0,1.0,0.36,0.71,0.17,0.45
Holy Family,200.0,22.0,55.0,7.0,8.0,10.0,28.0,9.0,13.0,22.0,13.0,8.0,0.0,16.0,16.0,61.0,0.0,1.0,0.4,0.88,0.36,0.44
Houghton,200.0,24.0,52.0,6.0,8.0,4.0,21.0,4.0,13.0,17.0,12.0,9.0,0.0,13.0,7.0,58.0,0.0,1.0,0.46,0.75,0.19,0.64
Houston,202.08,29.0,63.5,12.08,16.08,9.42,26.83,11.42,22.75,34.17,17.33,9.25,4.25,9.17,18.33,79.5,11.0,1.0,0.46,0.75,0.35,0.53
Houston Christian,202.08,25.58,55.58,13.5,20.83,6.75,21.17,8.83,21.67,30.5,15.25,6.83,4.0,11.67,14.67,71.42,5.0,7.0,0.46,0.65,0.32,0.55
Howard,199.5,25.64,56.5,17.79,25.0,6.5,18.5,9.71,22.43,32.14,14.79,9.5,3.29,12.57,20.57,75.57,9.0,5.0,0.46,0.72,0.36,0.5
Howard Payne,200.0,22.5,61.0,12.5,19.0,7.0,25.0,3.0,18.0,21.0,11.0,6.5,3.0,24.5,18.5,64.5,0.0,2.0,0.36,0.67,0.28,0.43
Huntingdon,200.0,32.0,82.0,10.0,15.0,9.0,29.0,11.0,18.0,29.0,16.0,4.0,0.0,8.0,18.0,83.0,0.0,1.0,0.39,0.67,0.31,0.43
Huston-Tillotson,200.0,17.0,55.0,8.0,19.0,5.0,20.0,4.0,24.0,28.0,7.0,11.0,2.0,23.0,21.0,47.0,0.0,1.0,0.31,0.42,0.25,0.34
IU Indianapolis,200.0,33.38,73.69,11.38,15.85,10.92,34.23,10.08,19.85,29.92,21.85,10.92,3.85,12.69,22.85,89.08,4.0,9.0,0.45,0.71,0.31,0.57
Idaho,202.08,27.42,60.0,15.92,20.75,11.92,30.83,9.08,25.92,35.0,15.75,5.75,2.0,11.08,18.42,82.67,8.0,4.0,0.46,0.77,0.39,0.54
Idaho State,200.23,25.69,55.23,15.92,21.62,8.31,24.38,10.38,20.23,30.62,13.15,5.69,4.38,11.23,16.38,75.62,7.0,6.0,0.46,0.74,0.34,0.56
Illinois,200.0,30.18,63.09,17.64,22.55,9.82,28.91,12.09,26.64,38.73,14.36,3.82,5.18,9.36,13.82,87.82,8.0,3.0,0.48,0.77,0.34,0.59
Illinois State,200.0,29.38,59.92,13.62,20.31,8.62,24.31,9.23,25.46,34.69,14.77,6.15,2.38,9.69,17.0,81.0,10.0,3.0,0.49,0.66,0.36,0.58
Illinois Tech,200.0,28.0,58.0,9.0,16.0,8.0,22.0,3.0,17.0,20.0,13.0,10.0,0.0,17.0,23.0,73.0,0.0,1.0,0.48,0.56,0.36,0.56
Incarnate Word,200.0,29.42,61.83,14.75,21.0,9.58,23.92,11.42,21.67,33.08,14.0,6.17,2.33,9.75,18.58,83.17,6.0,6.0,0.47,0.7,0.39,0.52
Indiana,200.0,28.58,58.83,17.08,22.42,10.75,29.83,7.83,25.08,32.92,19.67,6.25,2.92,10.25,18.17,85.0,9.0,3.0,0.48,0.77,0.36,0.62
Indiana State,205.77,27.15,59.85,13.54,18.85,8.54,27.92,7.85,24.85,32.69,17.08,6.77,2.62,13.0,15.38,76.38,7.0,6.0,0.45,0.74,0.3,0.57
Indiana University Columbus,200.0,27.0,56.0,16.0,28.0,7.0,16.0,3.0,22.0,25.0,20.0,10.0,2.0,36.0,15.0,77.0,0.0,1.0,0.48,0.57,0.44,0.5
Indiana University East,200.0,25.0,65.5,7.0,11.5,9.0,24.5,8.5,22.0,30.5,12.5,4.5,3.5,22.5,17.5,66.0,0.0,2.0,0.39,0.6,0.38,0.39
Iona,203.85,28.69,62.85,13.69,18.92,9.38,25.62,7.69,24.77,32.46,14.15,7.69,2.77,11.0,15.77,80.46,9.0,4.0,0.46,0.73,0.36,0.53
Iowa,200.0,28.17,53.25,15.75,21.5,8.42,21.5,7.92,20.75,28.67,17.33,8.42,2.17,9.5,18.5,80.5,10.0,2.0,0.53,0.71,0.39,0.62
Iowa State,200.0,33.42,62.58,14.33,20.92,9.33,22.42,9.5,22.92,32.42,18.75,10.5,3.42,10.08,15.33,90.5,12.0,0.0,0.53,0.68,0.4,0.6
Jackson State,200.0,20.92,57.42,11.0,14.92,7.92,26.0,6.58,19.0,25.58,9.75,6.67,2.5,14.5,20.08,60.75,1.0,11.0,0.36,0.72,0.31,0.41
Jacksonville,202.08,27.67,60.42,12.83,19.0,8.92,25.92,11.17,21.75,32.92,14.0,7.33,2.75,12.92,19.42,77.08,5.0,7.0,0.45,0.68,0.33,0.53
Jacksonville State,200.0,25.73,59.55,14.45,22.64,8.73,26.09,11.36,26.45,37.82,13.55,6.27,3.0,10.55,17.09,74.64,5.0,6.0,0.43,0.6,0.33,0.5
James Madison,201.92,25.85,58.38,14.92,20.69,9.23,26.69,9.23,23.54,32.77,13.69,6.0,5.15,10.23,20.31,75.85,7.0,6.0,0.45,0.73,0.35,0.53
Jamestown,200.0,26.0,58.0,4.0,6.0,11.0,28.0,9.0,16.0,25.0,11.0,7.0,0.0,21.0,18.0,67.0,0.0,1.0,0.45,0.67,0.39,0.5
Jarvis Christian,200.0,18.5,52.5,16.0,24.5,4.5,13.5,7.5,16.5,24.0,4.5,8.0,2.5,17.5,13.0,57.5,0.0,2.0,0.35,0.66,0.33,0.36
John Brown,200.0,16.0,58.0,15.0,17.0,3.0,26.0,11.0,20.0,31.0,3.0,5.0,6.0,22.0,22.0,50.0,0.0,1.0,0.28,0.88,0.12,0.41
John Jay,200.0,21.0,63.0,7.0,11.0,10.0,31.0,7.0,16.0,23.0,10.0,6.0,3.0,12.0,15.0,59.0,0.0,1.0,0.33,0.64,0.32,0.34
Johnson & Wales (NC),200.0,25.0,62.0,4.0,6.0,4.0,21.0,7.0,21.0,28.0,18.0,1.0,3.0,17.0,12.0,58.0,0.0,1.0,0.4,0.67,0.19,0.51
Johnson & Wales (RI),200.0,24.0,68.0,0.0,1.0,9.0,34.0,4.0,15.0,19.0,17.0,8.0,1.0,12.0,10.0,57.0,0.0,1.0,0.35,0.0,0.26,0.44
Johnson C. Smith,200.0,31.0,73.0,6.0,9.0,11.0,28.0,10.0,23.0,33.0,20.0,6.0,0.0,17.0,19.0,79.0,0.0,1.0,0.42,0.67,0.39,0.44
Justice College,200.0,18.33,56.33,10.33,14.0,4.33,16.67,6.67,19.0,25.67,7.0,5.33,1.33,15.0,21.0,51.33,0.0,3.0,0.32,0.74,0.24,0.35
Kansas,202.08,26.25,57.33,14.67,19.75,7.5,21.92,8.33,28.08,36.42,14.83,4.75,6.33,10.08,14.92,74.67,9.0,3.0,0.46,0.73,0.34,0.54
Kansas Christian,200.0,20.0,63.0,2.0,6.0,5.0,33.0,6.0,19.0,25.0,8.0,9.0,1.0,25.0,12.0,47.0,0.0,1.0,0.32,0.33,0.15,0.5
Kansas City,200.0,24.77,59.54,14.38,20.69,6.08,20.62,9.31,21.62,30.92,12.08,6.92,2.38,14.54,17.62,70.0,2.0,11.0,0.42,0.69,0.29,0.47
Kansas State,200.0,31.5,63.5,14.08,19.75,10.92,26.5,9.83,23.83,33.67,19.17,6.83,4.5,12.83,18.92,88.0,8.0,4.0,0.5,0.75,0.41,0.56
Kean,200.0,24.0,57.0,9.0,12.0,7.0,18.0,5.0,27.0,32.0,9.0,3.0,4.0,13.0,13.0,64.0,0.0,1.0,0.42,0.75,0.39,0.44
Kennesaw State,204.0,31.92,67.42,19.67,28.92,9.83,28.17,14.0,28.75,42.75,14.92,7.83,4.83,13.25,21.17,93.33,8.0,4.0,0.47,0.69,0.34,0.57
Kent State,204.17,31.5,63.33,20.17,27.33,11.17,28.92,10.42,26.83,37.25,19.33,7.83,4.08,14.33,19.17,94.33,10.0,2.0,0.5,0.73,0.37,0.6
Kentucky,200.0,30.08,63.08,15.42,20.5,8.17,25.67,10.67,27.17,37.83,17.83,7.58,4.58,9.83,16.33,83.75,8.0,4.0,0.47,0.75,0.3,0.58
Kentucky Christian,200.0,19.25,56.5,10.5,15.0,6.75,22.75,4.75,15.75,20.5,8.5,9.0,1.5,17.0,15.0,55.75,0.0,4.0,0.34,0.68,0.3,0.37
Kentucky State,200.0,22.0,70.0,8.0,11.0,4.0,18.0,7.0,25.0,32.0,6.0,6.0,1.0,8.0,9.0,56.0,0.0,1.0,0.31,0.73,0.22,0.35
LIU,202.08,28.5,59.17,13.33,20.75,6.5,17.42,10.17,21.17,31.33,13.5,8.83,5.25,14.17,18.17,76.83,6.0,6.0,0.48,0.64,0.38,0.52
LSU,202.27,30.55,59.0,19.55,25.45,6.91,20.64,9.82,28.09,37.91,15.64,6.36,4.18,10.82,17.36,87.55,10.0,1.0,0.53,0.76,0.33,0.63
La Salle,200.0,23.85,56.77,13.85,18.85,4.77,16.15,10.77,22.23,33.0,13.85,6.62,2.77,13.54,16.23,66.31,4.0,9.0,0.42,0.72,0.3,0.47
La Sierra,200.0,19.5,60.0,5.5,6.5,6.5,24.5,5.5,26.5,32.0,9.5,2.5,3.5,18.0,11.0,51.0,0.0,2.0,0.33,0.84,0.28,0.36
La Verne,200.0,29.0,62.0,5.0,9.0,10.0,27.0,5.0,18.0,23.0,13.0,5.0,2.0,14.0,26.0,73.0,0.0,1.0,0.47,0.56,0.37,0.54
LaGrange,200.0,22.5,70.5,5.0,11.0,4.5,24.0,13.0,22.5,35.5,10.5,10.5,8.0,24.0,16.5,54.5,0.0,2.0,0.32,0.58,0.19,0.38
Lafayette,200.0,24.23,58.38,13.38,18.62,8.38,23.15,7.77,21.54,29.31,12.77,5.54,2.15,10.85,16.69,70.23,3.0,10.0,0.42,0.72,0.35,0.45
Lamar,202.27,27.36,62.82,11.09,16.45,7.09,21.91,11.45,23.36,34.82,16.18,8.45,5.73,11.64,17.45,72.91,5.0,6.0,0.43,0.66,0.32,0.49
Lancaster Bible,200.0,17.0,66.0,3.0,3.0,9.0,29.0,8.0,17.0,25.0,13.0,4.0,3.0,12.0,11.0,46.0,0.0,1.0,0.26,1.0,0.31,0.22
Lane,200.0,28.0,55.0,16.0,17.0,12.0,24.0,3.0,20.0,23.0,15.0,7.0,4.0,10.0,25.0,84.0,0.0,1.0,0.51,0.94,0.5,0.52
Lawrence,200.0,22.0,67.0,3.0,6.0,5.0,22.0,13.0,29.0,42.0,15.0,3.0,2.0,14.0,16.0,52.0,0.0,1.0,0.33,0.5,0.23,0.38
Le Moyne,200.0,26.25,56.17,15.58,20.75,8.25,22.67,7.67,22.83,30.5,15.67,6.42,4.33,12.25,18.58,76.33,5.0,7.0,0.47,0.75,0.36,0.54
LeTourneau,200.0,15.0,63.0,22.0,24.0,7.0,29.0,5.0,20.0,25.0,11.0,5.0,3.0,13.0,17.0,59.0,0.0,1.0,0.24,0.92,0.24,0.24
Lehigh,203.85,24.77,56.92,12.62,18.23,8.15,24.92,7.31,21.69,29.0,12.92,7.15,3.46,13.38,16.85,70.31,4.0,9.0,0.43,0.67,0.32,0.52
Lehman,200.0,14.0,47.0,9.0,17.0,5.0,17.0,7.0,20.0,27.0,4.0,6.0,5.0,17.0,18.0,42.0,0.0,1.0,0.3,0.53,0.29,0.3
Lewis & Clark,200.0,30.0,60.0,12.0,14.0,15.0,36.0,2.0,17.0,19.0,21.0,4.0,2.0,8.0,17.0,87.0,0.0,1.0,0.5,0.86,0.42,0.62
Liberty,200.0,30.09,56.55,8.55,13.82,11.45,27.82,5.0,24.0,29.0,18.18,6.82,3.64,8.36,14.55,80.18,8.0,3.0,0.53,0.61,0.41,0.65
Life Pacific,200.0,23.0,55.0,14.5,20.5,7.5,20.5,7.5,15.0,22.5,9.5,5.0,2.0,12.5,17.5,68.0,0.0,2.0,0.42,0.7,0.36,0.45
Lincoln (CA),200.0,22.33,63.33,9.0,13.67,10.67,33.0,6.33,9.67,16.0,11.67,6.0,1.67,16.67,14.33,64.33,0.0,3.0,0.35,0.65,0.33,0.39
Lindenwood,200.0,30.83,64.42,16.5,24.08,6.42,19.92,11.17,26.83,38.0,17.58,9.75,4.92,12.92,17.33,84.58,8.0,4.0,0.48,0.7,0.32,0.55
Lipscomb,200.0,29.58,65.0,12.75,16.5,11.42,31.58,9.42,24.42,33.83,20.0,8.83,3.17,11.92,16.83,83.33,7.0,5.0,0.45,0.76,0.36,0.54
Little Rock,200.0,25.25,56.33,9.42,15.83,6.25,16.67,9.42,18.92,28.33,13.0,8.25,3.75,14.67,15.92,66.17,3.0,9.0,0.45,0.57,0.38,0.48
Long Beach State,205.36,26.64,61.64,12.21,17.07,6.86,22.07,9.07,18.79,27.86,12.36,7.0,2.43,11.86,20.93,72.36,3.0,11.0,0.43,0.69,0.32,0.5
Longwood,203.57,25.36,56.86,20.71,27.07,5.21,19.21,10.21,22.93,33.14,12.93,8.71,2.29,14.07,19.07,76.64,7.0,7.0,0.45,0.77,0.28,0.54
Loras,200.0,24.0,59.0,17.0,22.0,9.0,22.0,13.0,20.0,33.0,11.0,11.0,3.0,16.0,20.0,74.0,0.0,1.0,0.41,0.77,0.41,0.4
Louisiana,200.0,20.46,53.15,10.15,15.31,6.46,21.62,7.23,20.77,28.0,9.23,5.23,2.77,11.62,21.69,57.54,2.0,11.0,0.38,0.66,0.29,0.44
Louisiana Christian,200.0,18.0,59.0,9.0,13.0,3.0,18.0,7.0,18.0,25.0,10.0,7.0,2.0,18.0,19.0,48.0,0.0,1.0,0.3,0.69,0.17,0.37
Louisiana Tech,200.0,26.6,58.8,11.0,17.3,5.4,19.1,11.6,26.4,38.0,12.4,6.9,4.7,11.3,15.6,69.6,6.0,4.0,0.45,0.65,0.27,0.55
Louisiana-Monroe,203.85,24.46,58.23,15.85,21.77,8.38,25.08,7.31,21.85,29.15,13.69,6.15,3.54,12.85,13.31,73.15,3.0,10.0,0.42,0.73,0.33,0.48
Louisville,200.0,30.0,63.17,19.0,24.83,12.58,35.0,11.5,27.92,39.42,19.08,8.25,3.42,11.25,19.33,91.58,10.0,2.0,0.47,0.76,0.36,0.62
Lourdes,200.0,27.0,70.0,6.0,7.0,7.0,26.0,12.0,18.0,30.0,13.0,8.0,2.0,15.0,9.0,67.0,0.0,1.0,0.39,0.86,0.27,0.46
Loyola (IL),200.0,22.69,53.85,15.54,22.15,8.46,26.31,8.92,20.62,29.54,13.31,3.38,4.0,11.08,16.54,69.38,4.0,9.0,0.43,0.69,0.32,0.52
Loyola (MD),200.0,26.85,59.77,12.92,20.15,9.15,27.31,9.31,21.92,31.23,14.62,6.69,3.77,12.15,17.54,75.77,4.0,9.0,0.45,0.63,0.33,0.55
Loyola Marymount,202.08,28.58,60.58,11.75,17.83,9.83,26.67,9.17,25.0,34.17,15.42,7.08,4.75,11.58,17.83,78.75,8.0,4.0,0.47,0.66,0.37,0.54
Lynchburg,200.0,26.0,69.0,19.0,26.0,5.0,23.0,12.0,25.0,37.0,9.0,9.0,2.0,16.0,29.0,76.0,0.0,1.0,0.38,0.73,0.22,0.46
Lyon,200.0,14.0,56.0,1.0,6.0,6.0,26.0,5.0,16.0,21.0,6.0,7.0,2.0,20.0,16.0,35.0,0.0,1.0,0.25,0.17,0.23,0.27
MIT,200.0,15.0,54.0,17.0,20.0,3.0,28.0,7.0,24.0,31.0,6.0,4.0,3.0,12.0,22.0,50.0,0.0,1.0,0.28,0.85,0.11,0.46
Maine,200.0,21.36,49.29,10.29,16.71,5.36,17.36,6.43,18.57,25.0,10.36,7.86,3.86,14.36,17.64,58.36,1.0,13.0,0.44,0.62,0.31,0.5
Maine-Augusta,200.0,26.0,67.0,7.0,10.0,9.0,32.0,3.0,20.0,23.0,15.0,10.0,3.0,12.0,20.0,68.0,0.0,1.0,0.39,0.7,0.28,0.49
Manhattan,203.85,26.38,60.08,17.54,23.08,7.85,22.46,8.92,21.31,30.23,13.85,8.54,3.08,10.92,14.85,78.15,5.0,8.0,0.44,0.76,0.35,0.5
Manhattan Christian,194.0,22.0,67.0,5.0,10.0,8.0,37.0,5.0,20.0,25.0,9.0,3.0,4.0,11.0,16.0,57.0,0.0,1.0,0.33,0.5,0.22,0.47
Manhattanville,200.0,21.0,61.0,10.0,15.0,10.0,25.0,1.0,23.0,24.0,13.0,8.0,0.0,11.0,13.0,62.0,0.0,1.0,0.34,0.67,0.4,0.31
Manor,200.0,14.0,48.0,8.0,10.0,2.0,20.0,3.0,15.0,18.0,5.0,6.0,1.0,18.0,8.0,38.0,0.0,2.0,0.29,0.8,0.1,0.43
Mansfield,200.0,20.0,53.0,12.0,22.0,2.0,18.0,5.0,24.0,29.0,8.0,9.0,3.0,21.0,22.0,54.0,0.0,1.0,0.38,0.55,0.11,0.51
Marist,200.0,27.36,59.73,11.18,14.64,7.73,22.82,9.09,24.73,33.82,16.55,7.91,2.91,11.27,16.82,73.64,8.0,3.0,0.46,0.77,0.34,0.53
Marquette,203.85,26.31,63.92,16.08,22.77,8.23,27.0,11.38,22.54,33.92,15.23,9.31,2.85,11.15,18.15,76.92,5.0,8.0,0.41,0.7,0.3,0.49
Marshall,200.0,27.58,60.75,13.25,17.5,9.67,27.92,9.83,25.33,35.17,16.5,5.42,5.75,13.42,20.83,78.08,7.0,5.0,0.45,0.76,0.34,0.55
Mary Baldwin,200.0,19.5,55.0,5.5,9.5,6.5,23.5,5.0,13.0,18.0,10.0,7.5,1.5,24.0,23.5,51.0,0.0,2.0,0.35,0.58,0.27,0.41
Maryland,202.08,23.83,57.58,21.0,28.0,8.5,25.17,10.92,22.42,33.33,11.17,5.83,2.5,13.58,17.42,77.17,6.0,6.0,0.41,0.74,0.33,0.48
Maryland-Eastern Shore,204.69,24.75,55.38,7.94,12.06,5.5,19.12,8.69,22.0,30.69,14.25,5.19,2.69,14.75,17.5,62.94,4.0,12.0,0.45,0.67,0.3,0.53
Marywood,200.0,23.0,68.0,3.0,4.0,4.0,32.0,10.0,15.0,25.0,12.0,9.0,0.0,15.0,19.0,53.0,0.0,1.0,0.34,0.75,0.12,0.53
Mayville State,200.0,22.0,56.0,9.0,14.0,5.0,25.0,6.0,11.0,17.0,13.0,6.0,10.0,24.0,16.0,58.0,0.0,1.0,0.39,0.64,0.2,0.55
McKendree,200.0,15.0,54.0,7.0,17.0,5.0,22.0,8.0,20.0,28.0,7.0,8.0,1.0,18.0,24.0,42.0,0.0,1.0,0.28,0.41,0.23,0.31
McMurry,200.0,18.0,63.0,11.0,15.0,8.0,31.0,7.0,18.0,25.0,10.0,6.0,5.0,16.0,20.0,55.0,0.0,1.0,0.29,0.73,0.26,0.31
McNeese State,200.0,31.75,61.75,17.58,22.58,6.92,20.0,11.42,22.08,33.5,16.83,11.42,4.42,9.92,18.58,88.0,10.0,2.0,0.51,0.77,0.34,0.59
Memphis,202.27,26.09,62.45,15.45,21.82,6.64,21.64,12.18,21.27,33.45,13.45,8.73,4.0,13.36,21.36,74.27,4.0,7.0,0.42,0.71,0.29,0.48
Menlo,200.0,23.0,54.0,17.0,30.0,6.0,15.0,8.0,23.0,31.0,11.0,3.0,3.0,21.0,22.0,69.0,0.0,1.0,0.43,0.57,0.4,0.44
Mercer,200.0,28.58,64.08,14.5,21.0,8.83,27.08,10.58,23.33,33.92,14.17,9.33,3.33,10.67,15.42,80.5,7.0,5.0,0.45,0.67,0.33,0.53
Merchant Marine Academy,200.0,16.0,50.0,5.0,9.0,9.0,22.0,5.0,14.0,19.0,12.0,6.0,1.0,18.0,10.0,46.0,0.0,1.0,0.32,0.56,0.41,0.25
Mercy,200.0,21.0,65.0,16.0,20.0,3.0,22.0,7.0,22.0,29.0,6.0,7.0,0.0,12.0,25.0,61.0,0.0,1.0,0.32,0.8,0.14,0.42
Mercyhurst,200.46,26.31,58.46,8.08,13.31,5.92,18.92,7.92,21.08,29.0,15.08,8.0,3.92,9.62,18.69,66.62,5.0,8.0,0.45,0.58,0.31,0.52
Merrimack,200.0,21.29,54.57,14.21,18.43,8.21,26.71,6.14,16.71,22.86,11.64,7.57,4.71,9.57,17.0,65.0,7.0,7.0,0.39,0.77,0.3,0.47
Miami (FL),200.0,33.15,63.38,15.46,23.31,7.54,20.62,11.31,25.85,37.15,19.85,8.85,3.77,11.31,16.85,89.46,11.0,2.0,0.53,0.65,0.37,0.6
Miami (OH),202.08,31.83,60.5,16.92,22.08,11.17,26.92,7.33,27.25,34.58,17.08,7.75,3.33,10.42,16.67,91.75,12.0,0.0,0.52,0.74,0.42,0.61
Miami Middletown,200.0,24.0,60.0,19.0,23.0,6.0,17.0,8.0,24.0,32.0,12.0,5.0,4.0,27.0,9.0,73.0,0.0,1.0,0.4,0.83,0.35,0.42
Michigan,202.64,33.91,63.82,16.73,23.36,10.82,27.82,10.09,31.36,41.45,21.64,7.45,6.36,12.18,15.64,95.36,11.0,0.0,0.53,0.73,0.39,0.64
Michigan State,200.0,27.75,60.25,15.25,20.58,7.25,20.33,12.67,26.75,39.42,19.33,6.0,5.25,11.5,16.17,78.0,11.0,1.0,0.46,0.75,0.35,0.52
Mid-America Christian,200.0,24.0,61.0,3.0,5.0,11.0,31.0,7.0,15.0,22.0,12.0,9.0,1.0,9.0,13.0,62.0,0.0,1.0,0.39,0.6,0.36,0.43
Mid-Atlantic Christian,200.0,21.0,65.5,8.25,16.0,3.5,19.0,8.75,14.75,23.5,7.75,7.25,1.25,12.75,22.0,53.75,0.0,4.0,0.32,0.47,0.17,0.38
Middle Tennessee,200.0,28.09,64.0,12.73,18.09,9.09,27.91,10.91,24.0,34.91,14.27,6.73,5.27,10.27,17.73,78.0,7.0,4.0,0.44,0.7,0.33,0.52
Midway,200.5,25.5,56.75,6.0,9.5,8.25,23.5,4.75,18.75,23.5,13.75,5.5,3.5,15.5,18.25,65.25,0.0,4.0,0.44,0.69,0.35,0.51
Midwestern State,200.0,20.0,50.0,14.0,18.0,3.0,13.0,9.0,26.0,35.0,7.0,9.0,4.0,27.0,14.0,57.0,0.0,1.0,0.4,0.78,0.23,0.46
Milligan,200.0,18.0,66.0,10.0,17.0,5.0,28.0,9.0,24.0,33.0,7.0,5.0,0.0,15.0,10.0,51.0,0.0,1.0,0.27,0.59,0.18,0.34
Millsaps,200.0,28.0,61.0,15.0,26.0,5.0,17.0,8.0,24.0,32.0,7.0,5.0,2.0,15.0,15.0,76.0,0.0,1.0,0.46,0.58,0.29,0.52
Milwaukee,200.0,29.0,65.83,14.25,20.83,8.25,25.33,12.42,22.33,34.75,14.75,6.67,2.67,9.17,19.25,80.5,6.0,6.0,0.44,0.7,0.32,0.51
Minnesota,202.08,24.5,52.83,17.17,25.08,7.58,22.33,9.33,23.33,32.67,18.0,7.5,3.25,11.33,16.58,73.75,7.0,5.0,0.46,0.7,0.34,0.55
Minnesota-Crookston,200.0,28.0,57.0,3.0,4.0,8.0,22.0,1.0,20.0,21.0,13.0,9.0,4.0,19.0,19.0,67.0,0.0,1.0,0.49,0.75,0.36,0.57
Misericordia,200.0,23.0,59.0,8.5,13.0,9.5,24.5,5.0,16.5,21.5,11.5,9.0,2.5,15.0,13.0,64.0,0.0,2.0,0.39,0.68,0.39,0.39
Mississippi State,204.17,28.25,62.83,13.92,20.42,8.33,25.58,9.58,27.5,37.08,12.83,6.67,4.33,11.58,14.92,78.75,7.0,5.0,0.45,0.66,0.33,0.54
Mississippi University for Women,200.0,21.0,57.0,14.0,16.0,5.0,21.0,7.0,23.0,30.0,11.0,8.0,2.0,21.0,14.0,61.0,0.0,1.0,0.37,0.88,0.24,0.44
Mississippi Valley State,204.17,23.58,58.25,12.92,17.42,5.25,18.58,8.25,19.92,28.17,12.92,7.83,3.5,17.67,21.5,65.33,1.0,11.0,0.41,0.76,0.27,0.47
Missouri,200.0,31.5,58.67,15.75,23.17,8.0,21.42,10.5,24.17,34.67,15.83,8.25,3.42,12.92,17.58,86.75,10.0,2.0,0.54,0.68,0.39,0.63
Missouri Baptist University,200.0,22.0,58.0,5.0,8.0,6.0,24.0,6.0,13.0,19.0,7.0,4.0,2.0,11.0,15.0,55.0,0.0,1.0,0.38,0.62,0.25,0.47
Missouri Southern State,200.0,29.0,73.0,6.0,12.0,6.0,23.0,11.0,27.0,38.0,17.0,6.0,6.0,12.0,20.0,70.0,0.0,1.0,0.4,0.5,0.26,0.46
Missouri State,200.0,26.2,58.2,15.8,23.0,6.7,23.3,9.5,22.5,32.0,14.4,7.2,3.7,10.9,16.1,74.9,5.0,5.0,0.45,0.69,0.28,0.56
Mitchell,200.0,27.0,62.0,8.0,11.0,7.0,17.0,8.0,17.0,25.0,8.0,6.0,2.0,12.0,9.0,69.0,0.0,1.0,0.44,0.73,0.41,0.44
Molloy,200.0,27.0,70.0,4.0,9.0,3.0,21.0,7.0,22.0,29.0,12.0,5.0,1.0,13.0,16.0,61.0,0.0,1.0,0.39,0.44,0.14,0.49
Monmouth,201.92,25.77,58.54,15.23,20.46,6.38,18.23,10.0,22.46,32.46,14.31,7.77,5.15,11.38,15.77,73.15,6.0,7.0,0.44,0.74,0.36,0.48
Montana,200.0,28.15,57.23,16.15,22.0,8.46,24.15,6.92,27.69,34.62,16.23,5.62,2.85,14.23,17.85,80.92,6.0,7.0,0.49,0.72,0.35,0.59
Montana State,202.27,27.73,60.45,11.18,15.82,9.73,28.91,8.64,21.27,29.91,11.55,7.09,2.09,10.18,19.18,76.36,4.0,7.0,0.46,0.69,0.33,0.57
Montana Tech,200.0,28.0,56.0,12.0,21.0,14.0,29.0,5.0,22.0,27.0,13.0,4.0,5.0,8.0,16.0,82.0,1.0,0.0,0.5,0.57,0.48,0.52
Montana Western,200.0,22.0,58.0,10.0,16.0,10.0,24.0,8.0,15.0,23.0,9.0,5.0,7.0,11.0,20.0,64.0,0.0,1.0,0.38,0.62,0.42,0.35
Morehead State,202.08,27.17,60.58,14.83,21.08,6.08,18.92,11.5,22.58,34.08,13.42,7.83,3.08,13.0,18.67,75.25,5.0,7.0,0.45,0.7,0.33,0.5
Morgan State,200.0,23.75,56.67,17.42,23.25,5.17,18.25,8.33,18.17,26.5,12.17,5.17,2.58,13.17,21.92,70.08,2.0,10.0,0.42,0.74,0.27,0.49
Morris College,200.0,21.0,61.0,11.0,15.0,3.0,12.0,7.0,18.0,25.0,6.0,5.0,3.0,12.0,17.0,56.0,0.0,1.0,0.34,0.73,0.25,0.37
Mount Marty,200.0,26.0,60.0,6.0,7.0,11.0,30.0,5.0,8.0,13.0,16.0,10.0,2.0,9.0,15.0,69.0,0.0,1.0,0.43,0.86,0.37,0.5
Mount Olive,200.0,27.0,71.0,16.0,19.0,7.0,27.0,8.0,21.0,29.0,8.0,7.0,4.0,11.0,26.0,77.0,0.0,1.0,0.38,0.84,0.26,0.46
Mount Saint Mary (NY),200.0,11.0,47.0,12.0,17.0,3.0,26.0,3.0,11.0,14.0,6.0,7.0,2.0,22.0,9.0,37.0,0.0,1.0,0.23,0.71,0.12,0.38
Mount St. Mary's,201.92,24.46,55.38,10.77,16.85,8.85,26.23,8.31,23.92,32.23,15.46,6.0,3.08,16.23,18.92,68.54,4.0,9.0,0.44,0.62,0.34,0.54
Murray State,200.0,29.62,61.54,19.38,25.62,10.69,28.46,11.0,24.31,35.31,15.85,5.69,3.69,11.85,18.92,89.31,10.0,3.0,0.48,0.76,0.38,0.57
NC State,201.92,30.31,61.69,16.54,21.77,11.15,28.54,9.23,25.38,34.62,17.38,8.08,3.08,9.85,19.54,88.31,9.0,4.0,0.49,0.75,0.39,0.59
NJIT,200.0,20.75,55.58,13.17,18.92,8.42,27.08,7.5,24.0,31.5,10.67,4.5,3.08,13.83,17.83,63.08,4.0,8.0,0.38,0.68,0.31,0.45
Navy,200.0,24.69,55.0,17.62,23.23,6.08,18.31,10.0,24.69,34.69,14.62,7.54,2.54,12.15,15.77,73.08,8.0,5.0,0.45,0.78,0.33,0.51
Nebraska,200.0,29.67,61.5,13.25,17.83,10.75,30.83,8.42,27.5,35.92,19.08,6.75,2.58,9.33,14.0,83.33,12.0,0.0,0.48,0.76,0.35,0.62
Nevada,202.08,25.17,57.83,21.0,28.08,6.33,17.0,10.08,22.0,32.08,14.58,6.83,4.08,8.5,18.92,77.67,9.0,3.0,0.44,0.75,0.39,0.46
New College of Florida,200.0,23.5,58.5,9.0,15.0,7.5,21.0,5.0,24.5,29.5,9.5,2.5,3.5,20.5,20.0,63.5,0.0,2.0,0.4,0.65,0.36,0.43
New Hampshire,202.08,25.67,62.58,10.92,15.75,7.92,25.58,9.17,24.92,34.08,10.67,6.83,3.25,10.25,19.0,70.17,4.0,8.0,0.41,0.73,0.3,0.48
New Haven,200.0,25.73,57.45,10.36,15.91,6.64,22.09,9.27,22.82,32.09,12.45,8.27,2.55,10.73,14.64,68.45,5.0,6.0,0.44,0.64,0.29,0.53
New Mexico,200.0,27.33,59.5,17.75,22.92,9.58,28.67,9.17,25.17,34.33,15.25,7.83,3.17,10.83,17.33,82.0,10.0,2.0,0.46,0.77,0.34,0.58
New Mexico Highlands,200.0,17.33,49.0,13.33,20.33,5.0,19.67,7.0,20.67,27.67,9.33,6.67,2.33,20.67,20.33,53.0,0.0,3.0,0.36,0.66,0.25,0.43
New Mexico State,200.0,25.8,59.5,16.1,22.6,7.0,21.9,10.5,22.8,33.3,13.0,7.8,3.3,11.0,21.4,74.9,7.0,3.0,0.43,0.72,0.32,0.51
New Orleans,202.27,24.18,57.0,16.0,21.73,7.55,21.82,9.0,23.18,32.18,13.36,5.91,3.82,14.27,20.73,71.91,3.0,8.0,0.43,0.74,0.34,0.48
Newport News-Apprentice,200.0,21.0,64.0,8.0,11.0,8.0,20.0,12.0,22.0,34.0,11.0,5.0,7.0,20.0,8.0,58.0,0.0,1.0,0.33,0.73,0.4,0.3
Niagara,200.0,22.58,54.0,11.5,15.92,6.08,21.0,6.42,18.83,25.25,13.08,6.17,3.08,10.75,16.25,62.75,3.0,9.0,0.42,0.73,0.28,0.49
Nicholls State,200.0,26.45,60.45,13.64,21.09,9.0,26.45,9.18,19.64,28.82,13.45,9.91,2.09,11.18,19.55,75.55,3.0,8.0,0.44,0.65,0.35,0.51
Nobel University,197.67,20.33,53.5,13.17,19.17,2.17,9.5,6.5,17.67,24.17,7.33,4.5,1.83,18.33,20.17,56.0,0.0,6.0,0.38,0.68,0.26,0.41
Norfolk State,200.0,28.43,61.43,14.29,22.43,5.64,17.86,10.21,22.93,33.14,12.29,7.07,3.0,11.43,19.79,76.79,6.0,8.0,0.45,0.61,0.31,0.51
North Alabama,202.27,25.0,59.36,14.45,20.91,6.27,20.18,9.82,22.36,32.18,11.0,6.82,4.55,10.27,15.55,70.73,5.0,6.0,0.42,0.69,0.31,0.48
North Carolina A&T,200.0,24.82,54.55,21.36,31.0,5.55,18.09,10.09,26.09,36.18,12.64,6.27,4.36,12.82,18.82,76.55,7.0,4.0,0.46,0.71,0.31,0.53
North Carolina Central,200.0,24.71,59.36,17.29,23.5,5.93,19.71,9.07,21.0,30.07,14.64,9.86,3.29,11.93,19.14,72.64,4.0,10.0,0.41,0.74,0.3,0.46
North Central (IL),200.0,17.0,46.0,12.0,12.0,7.0,23.0,7.0,23.0,30.0,7.0,4.0,0.0,25.0,25.0,53.0,0.0,1.0,0.37,1.0,0.3,0.44
North Dakota,201.6,26.07,61.53,14.07,20.73,7.47,24.2,9.6,21.27,30.87,11.93,9.73,2.4,11.2,20.33,73.67,5.0,10.0,0.42,0.68,0.31,0.49
North Dakota State,201.79,28.71,63.36,15.29,21.0,9.21,26.29,10.93,22.93,33.86,15.79,9.79,3.0,11.14,15.21,81.93,10.0,4.0,0.45,0.73,0.35,0.52
North Florida,200.0,27.58,62.75,12.42,16.5,11.17,31.92,7.58,19.33,26.92,14.17,6.92,1.33,13.75,18.83,78.75,2.0,10.0,0.44,0.75,0.35,0.53
North Greenville,200.0,26.5,54.5,11.0,17.0,10.5,24.0,8.0,23.5,31.5,16.0,2.5,3.0,14.0,19.5,74.5,1.0,1.0,0.48,0.64,0.42,0.54
North Texas,202.08,22.83,53.08,16.42,23.5,6.25,19.75,9.08,22.08,31.17,13.33,8.83,5.08,11.67,20.33,68.33,8.0,4.0,0.44,0.7,0.32,0.51
North Texas at Dallas,200.0,10.0,57.0,18.0,27.0,2.0,15.0,9.0,19.0,28.0,2.0,6.0,0.0,19.0,23.0,40.0,0.0,1.0,0.18,0.67,0.13,0.19
Northeastern,202.5,26.3,58.5,14.0,20.0,6.6,21.0,9.0,21.8,30.8,14.3,8.1,4.0,12.8,19.2,73.2,4.0,6.0,0.45,0.68,0.32,0.52
Northeastern State,200.0,29.0,62.0,7.0,12.0,6.0,17.0,9.0,13.0,22.0,11.0,8.0,4.0,10.0,11.0,71.0,0.0,1.0,0.47,0.58,0.35,0.51
Northern Arizona,200.0,26.83,58.5,11.5,18.08,6.92,19.33,8.08,22.67,30.75,12.92,8.0,3.17,11.42,18.0,72.08,5.0,7.0,0.46,0.67,0.36,0.51
Northern Colorado,206.25,31.58,62.33,13.08,17.5,10.67,28.75,8.83,25.83,34.67,18.17,4.58,2.25,11.42,16.92,86.92,9.0,3.0,0.51,0.73,0.36,0.62
Northern Illinois,200.0,26.08,59.83,16.42,24.5,8.58,26.17,12.17,21.08,33.25,14.0,6.58,1.5,14.0,19.42,77.17,5.0,7.0,0.43,0.67,0.33,0.51
Northern Iowa,204.55,26.36,56.55,10.91,16.27,8.73,24.09,5.82,24.55,30.36,17.18,8.09,4.09,8.91,14.82,72.36,9.0,2.0,0.47,0.69,0.35,0.55
Northern Kentucky,200.0,30.14,63.64,14.5,19.86,9.5,27.93,10.93,21.79,32.71,15.86,10.14,3.93,12.93,18.57,84.29,9.0,5.0,0.47,0.72,0.35,0.57
Northern New Mexico,200.0,20.0,58.0,8.0,12.0,6.0,26.0,6.0,19.0,25.0,10.0,5.0,0.0,14.0,17.0,54.0,0.0,1.0,0.34,0.67,0.23,0.44
Northern State,200.0,27.0,67.0,9.0,11.0,12.0,40.0,7.0,15.0,22.0,10.0,7.0,2.0,11.0,19.0,75.0,0.0,1.0,0.4,0.82,0.3,0.56
Northwest Indian College,200.0,20.0,52.0,9.67,16.33,3.33,12.0,2.67,13.33,16.0,9.33,4.67,1.33,18.67,16.33,53.0,0.0,3.0,0.39,0.48,0.3,0.42
Northwestern,200.0,28.58,58.17,17.17,23.0,6.25,19.67,7.83,23.25,31.08,18.42,5.58,3.75,9.08,18.0,80.58,7.0,5.0,0.49,0.75,0.33,0.58
Northwestern Oklahoma State,200.0,21.0,59.0,11.0,19.0,4.0,17.0,6.0,19.0,25.0,8.0,9.0,2.0,13.0,18.0,57.0,0.0,1.0,0.36,0.58,0.24,0.4
Northwestern State,202.27,24.82,54.91,17.18,23.0,7.36,20.45,7.73,19.09,26.82,13.0,7.27,2.36,11.91,19.0,74.18,3.0,8.0,0.45,0.75,0.36,0.49
Northwood,200.0,30.0,68.0,17.0,25.0,8.0,27.0,9.0,21.0,30.0,21.0,13.0,4.0,15.0,20.0,85.0,1.0,0.0,0.44,0.68,0.3,0.54
Notre Dame,201.92,27.08,57.46,13.46,18.92,9.08,23.92,9.08,25.23,34.31,13.08,5.0,1.92,11.15,17.38,76.69,9.0,4.0,0.47,0.71,0.39,0.54
Notre Dame (MD),200.0,24.67,69.67,7.33,9.67,5.67,21.67,5.67,19.0,24.67,7.33,8.33,3.0,13.0,13.0,62.33,0.0,3.0,0.36,0.78,0.26,0.4
Oakland,200.0,29.85,62.62,15.85,21.54,7.46,20.85,7.92,21.77,29.69,15.85,7.54,3.0,10.08,15.54,83.0,6.0,7.0,0.47,0.74,0.35,0.53
Oakland City,200.0,16.0,57.0,13.5,19.5,4.0,19.5,7.0,15.5,22.5,6.0,6.5,1.5,11.0,19.0,49.5,0.0,2.0,0.28,0.69,0.21,0.32
Oakwood,200.0,22.67,65.0,11.0,18.0,5.33,25.0,8.67,19.0,27.67,9.33,7.67,1.67,14.0,18.67,61.67,0.0,3.0,0.35,0.61,0.2,0.43
Occidental,200.0,25.0,66.0,6.0,8.0,3.0,20.0,10.0,18.0,28.0,11.0,9.0,3.0,14.0,11.0,59.0,0.0,1.0,0.38,0.75,0.15,0.48
Oglethorpe,199.0,18.0,62.0,4.0,6.0,8.0,33.0,10.0,22.0,32.0,11.0,5.0,1.0,20.0,8.0,48.0,0.0,1.0,0.29,0.67,0.24,0.34
Ohio,201.92,27.17,59.5,14.58,21.5,6.08,21.67,8.75,22.0,30.75,12.67,5.92,3.08,11.08,16.17,75.0,5.0,7.0,0.45,0.72,0.27,0.55
Ohio Christian,200.0,16.0,54.0,5.0,11.0,7.0,24.0,5.0,16.0,21.0,10.0,7.0,0.0,11.0,17.0,44.0,0.0,1.0,0.3,0.46,0.29,0.3
Ohio State,203.82,29.55,59.09,18.73,23.82,8.18,24.27,7.91,26.0,33.91,17.0,5.0,2.09,10.0,17.55,86.0,8.0,3.0,0.5,0.79,0.33,0.62
Ohio Wesleyan,200.0,17.5,54.5,10.0,16.0,6.5,26.0,7.0,15.5,22.5,10.0,5.5,1.0,14.0,15.5,51.5,0.0,2.0,0.32,0.63,0.25,0.4
Oklahoma,200.0,29.55,64.0,16.0,21.91,10.0,29.91,11.18,23.45,34.64,16.18,6.82,4.0,9.36,17.55,85.09,8.0,3.0,0.46,0.73,0.33,0.57
Oklahoma Christian,200.0,23.0,68.0,4.0,7.0,7.0,26.0,6.0,9.0,15.0,11.0,6.0,1.0,7.0,20.0,57.0,0.0,1.0,0.34,0.57,0.27,0.38
Oklahoma State,200.0,31.83,64.25,18.92,25.33,7.67,22.75,9.17,27.0,36.17,16.5,7.5,3.17,13.08,17.58,90.25,11.0,1.0,0.5,0.75,0.34,0.59
Old Dominion,200.0,25.69,59.23,15.23,20.23,7.62,23.0,7.69,24.15,31.85,12.77,5.54,3.38,10.85,18.77,74.23,4.0,9.0,0.43,0.75,0.34,0.5
Old Westbury,200.0,8.0,51.0,3.0,6.0,4.0,18.0,4.0,14.0,18.0,5.0,4.0,1.0,13.0,13.0,23.0,0.0,1.0,0.16,0.5,0.22,0.12
Ole Miss,200.0,25.5,56.42,16.08,22.0,7.17,20.75,8.33,22.5,30.83,14.33,7.5,5.08,10.08,18.67,74.25,7.0,5.0,0.46,0.74,0.34,0.52
Olivet,200.0,25.0,64.0,9.0,16.0,6.0,30.0,8.0,21.0,29.0,20.0,9.0,2.0,17.0,18.0,65.0,0.0,1.0,0.39,0.56,0.2,0.56
Omaha,201.79,27.71,58.57,14.0,19.14,9.29,25.21,8.14,23.07,31.21,14.5,6.57,2.43,11.5,15.71,78.71,7.0,7.0,0.47,0.74,0.37,0.56
Oral Roberts,200.0,24.07,56.5,17.36,22.57,9.36,27.0,8.93,20.64,29.57,11.5,6.71,3.29,14.57,19.43,74.86,5.0,9.0,0.43,0.75,0.36,0.5
Oregon,200.0,25.75,59.25,17.5,24.0,9.0,26.67,11.75,22.33,34.08,15.25,6.25,4.25,12.58,16.08,78.0,6.0,6.0,0.43,0.74,0.32,0.51
Oregon State,203.85,23.38,53.15,17.85,22.85,8.62,25.31,7.08,23.0,30.08,13.85,6.23,4.46,12.08,18.31,73.23,7.0,6.0,0.44,0.79,0.34,0.53
Ottawa (AZ),200.0,14.0,61.0,7.0,13.0,4.0,26.0,7.0,17.0,24.0,5.0,8.0,3.0,11.0,21.0,39.0,0.0,1.0,0.23,0.54,0.15,0.29
Our Lady of the Lake,200.0,20.0,65.0,3.0,5.0,3.0,17.0,8.0,19.0,27.0,7.0,8.0,2.0,17.0,8.0,46.0,0.0,1.0,0.31,0.6,0.18,0.35
Ozark Christian College,200.0,23.0,47.0,13.0,19.0,6.0,17.0,1.0,11.0,12.0,10.0,4.0,1.0,20.0,13.0,65.0,0.0,1.0,0.49,0.68,0.35,0.57
Pacific,200.0,27.77,56.77,13.77,17.92,7.0,20.69,8.92,25.54,34.46,14.46,5.69,2.85,12.38,18.92,76.31,9.0,4.0,0.5,0.72,0.34,0.57
Pacific Lutheran,200.0,27.0,74.0,11.0,14.0,14.0,42.0,11.0,26.0,37.0,17.0,3.0,2.0,15.0,22.0,79.0,0.0,1.0,0.36,0.79,0.33,0.41
Paine,200.0,12.0,73.0,3.0,6.0,2.0,23.0,7.0,20.0,27.0,4.0,6.0,2.0,13.0,15.0,29.0,0.0,1.0,0.16,0.5,0.09,0.2
Park (AZ),200.0,28.0,55.0,3.0,5.0,12.0,23.0,4.0,17.0,21.0,15.0,6.0,2.0,11.0,18.0,71.0,0.0,1.0,0.51,0.6,0.52,0.5
Paul Quinn,200.0,21.0,52.0,15.0,22.0,7.0,21.0,7.0,26.0,33.0,8.0,8.0,1.0,26.0,26.0,64.0,0.0,1.0,0.4,0.68,0.33,0.45
Paul Smith's,200.0,22.0,59.0,6.0,10.0,7.0,24.0,8.0,13.0,21.0,10.0,6.0,0.0,18.0,9.0,57.0,0.0,1.0,0.37,0.6,0.29,0.43
Penn,200.0,26.73,60.27,17.0,24.45,7.82,20.27,11.27,23.45,34.73,15.09,6.0,3.27,11.73,17.0,78.27,6.0,5.0,0.44,0.67,0.38,0.47
Penn State,200.0,28.33,58.75,14.67,20.42,6.83,20.08,8.08,20.58,28.67,13.42,8.0,1.83,9.0,14.33,78.17,8.0,4.0,0.48,0.73,0.34,0.56
Penn State Abington,200.0,23.0,62.0,12.0,21.0,2.0,15.0,6.0,18.0,24.0,9.0,1.0,3.0,6.0,15.0,60.0,0.0,1.0,0.37,0.57,0.13,0.45
Penn State Brandywine,200.0,14.0,50.0,4.0,4.0,10.0,25.0,12.0,18.0,30.0,13.0,6.0,1.0,26.0,9.0,42.0,0.0,1.0,0.28,1.0,0.4,0.16
Penn State Hazleton,200.0,29.0,71.0,6.0,8.0,10.0,24.0,7.0,22.0,29.0,8.0,8.0,2.0,10.0,19.0,74.0,0.0,1.0,0.41,0.75,0.42,0.4
Penn State New Kensington,200.0,15.0,51.0,9.0,18.0,4.0,17.0,5.0,20.0,25.0,4.0,8.0,1.0,19.0,11.0,43.0,0.0,1.0,0.29,0.5,0.24,0.32
Penn State Shenango,200.0,19.5,69.5,4.25,6.75,7.75,32.25,6.25,21.25,27.5,10.25,4.0,1.75,17.0,11.25,51.0,0.0,4.0,0.28,0.68,0.24,0.31
Penn State York,200.0,21.0,60.0,10.0,17.0,1.0,13.0,8.0,25.0,33.0,5.0,3.0,5.0,12.0,12.0,53.0,0.0,1.0,0.35,0.59,0.08,0.43
Pensacola Christian,200.0,19.0,53.0,10.0,12.0,8.0,21.0,4.0,20.0,24.0,8.0,7.0,5.0,28.0,13.0,56.0,0.0,1.0,0.36,0.83,0.38,0.34
Pepperdine,201.92,26.15,58.85,14.77,18.85,7.38,23.31,9.69,22.08,31.77,14.62,5.54,2.69,11.85,15.62,74.46,5.0,8.0,0.44,0.79,0.32,0.52
Peru State,200.0,18.0,53.0,2.0,8.0,8.0,24.0,5.0,18.0,23.0,10.0,4.0,1.0,12.0,19.0,46.0,0.0,1.0,0.34,0.25,0.33,0.34
Pfeiffer,200.0,23.0,66.0,3.0,4.0,6.0,30.0,6.0,14.0,20.0,12.0,7.0,4.0,19.0,12.0,55.0,0.0,1.0,0.35,0.75,0.2,0.47
Piedmont,200.0,29.0,71.0,16.0,26.0,7.0,23.0,4.0,27.0,31.0,14.0,13.0,1.0,8.0,17.0,81.0,0.0,1.0,0.41,0.62,0.3,0.46
Pitt,200.0,26.15,57.31,12.92,18.85,8.77,23.77,10.38,22.31,32.69,13.31,6.62,3.77,11.0,17.15,74.0,7.0,6.0,0.46,0.68,0.36,0.52
Pittsburgh-Greensburg,200.0,19.0,54.0,13.0,18.0,6.0,22.0,3.0,13.0,16.0,12.0,11.0,1.0,13.0,14.0,57.0,0.0,1.0,0.35,0.72,0.27,0.41
Point,200.0,17.0,58.0,19.0,25.0,7.0,18.0,6.0,23.0,29.0,5.0,4.0,0.0,17.0,22.0,60.0,0.0,1.0,0.29,0.76,0.39,0.25
Portland,202.08,30.25,60.08,16.67,23.08,6.25,19.5,8.25,25.58,33.83,19.83,6.83,3.42,14.92,17.83,83.42,7.0,5.0,0.5,0.73,0.33,0.59
Portland State,200.0,29.82,62.18,13.18,19.55,7.36,22.18,10.64,24.64,35.27,16.82,8.0,4.18,12.82,21.18,80.18,6.0,5.0,0.47,0.67,0.33,0.56
Prairie View,200.0,29.27,63.73,19.36,25.55,5.91,18.73,9.0,22.64,31.64,12.18,10.82,3.82,12.27,19.73,83.82,5.0,6.0,0.45,0.76,0.3,0.51
Presbyterian,200.0,24.57,54.71,13.29,19.5,5.36,18.07,10.64,22.5,33.14,13.57,5.93,4.07,13.0,17.21,67.79,6.0,8.0,0.45,0.68,0.28,0.53
Princeton,200.0,23.23,56.85,13.08,18.77,9.0,27.46,8.54,23.85,32.38,13.23,4.92,1.69,11.92,16.92,68.54,3.0,10.0,0.41,0.67,0.33,0.49
Providence,205.77,31.31,65.0,17.46,22.08,9.69,27.62,9.0,27.15,36.15,16.77,7.15,4.92,10.92,19.15,89.77,7.0,6.0,0.48,0.79,0.35,0.58
Puget Sound,200.0,14.0,51.0,7.0,12.0,8.0,23.0,6.0,14.0,20.0,10.0,6.0,2.0,18.0,25.0,43.0,0.0,1.0,0.28,0.58,0.35,0.21
Purdue,200.0,31.33,61.5,12.67,16.83,9.58,23.92,12.08,25.5,37.58,20.42,5.42,4.0,10.0,14.17,84.92,11.0,1.0,0.51,0.76,0.4,0.58
Purdue Fort Wayne,200.0,31.21,64.0,12.64,17.57,9.79,27.93,7.07,21.93,29.0,15.0,10.14,3.64,9.79,15.64,84.86,8.0,6.0,0.49,0.74,0.36,0.59
Queens (NC),202.08,29.08,61.08,15.0,20.67,10.83,30.17,9.75,21.67,31.42,16.67,5.25,3.0,11.75,20.5,84.0,5.0,7.0,0.48,0.75,0.36,0.6
Quinnipiac,200.0,29.0,64.77,13.0,18.69,7.77,21.85,10.85,23.15,34.0,14.15,9.46,5.23,10.77,16.69,78.77,9.0,4.0,0.45,0.69,0.36,0.49
Radford,200.0,27.43,63.0,16.64,23.71,10.64,31.5,10.21,22.07,32.29,14.64,8.5,3.71,12.57,19.93,82.14,6.0,8.0,0.44,0.7,0.33,0.53
Randolph,200.0,17.0,64.0,12.0,19.0,7.0,20.0,8.0,19.0,27.0,9.0,5.0,2.0,12.0,19.0,53.0,0.0,1.0,0.27,0.63,0.35,0.23
Redlands,200.0,30.0,81.0,10.0,15.0,11.0,37.0,16.0,17.0,33.0,13.0,12.0,6.0,14.0,17.0,81.0,0.0,1.0,0.37,0.67,0.3,0.43
Regent,200.0,21.0,58.5,5.0,8.0,9.0,24.5,5.0,19.5,24.5,10.0,4.0,1.5,22.0,18.5,56.0,0.0,2.0,0.36,0.62,0.37,0.36
Regis (CO),200.0,27.0,65.0,4.0,6.0,5.0,25.0,3.0,22.0,25.0,9.0,4.0,1.0,11.0,7.0,63.0,0.0,1.0,0.42,0.67,0.2,0.55
Regis (MA),200.0,21.0,52.0,3.0,4.0,2.0,21.0,6.0,24.0,30.0,8.0,6.0,4.0,16.0,16.0,47.0,0.0,1.0,0.4,0.75,0.1,0.61
Reinhardt,200.0,15.0,57.0,9.0,14.5,5.0,19.0,5.5,17.5,23.0,7.0,6.5,2.5,16.0,16.0,44.0,0.0,2.0,0.26,0.62,0.24,0.27
Rhode Island,200.0,25.25,54.75,16.58,22.17,7.25,23.33,9.5,21.67,31.17,11.58,9.83,3.5,12.83,17.42,74.33,8.0,4.0,0.46,0.74,0.3,0.57
Rhodes,200.0,25.0,69.5,5.5,9.0,10.5,36.5,5.5,21.5,27.0,13.0,6.5,4.5,16.5,15.0,66.0,0.0,2.0,0.36,0.62,0.29,0.43
Rice,203.85,25.69,60.54,15.85,23.0,8.92,24.0,11.15,24.0,35.15,13.31,7.62,4.08,12.08,18.23,76.15,6.0,7.0,0.42,0.7,0.38,0.46
Richmond,202.08,28.33,59.67,17.92,24.25,9.25,26.25,8.92,26.5,35.42,16.08,7.83,2.67,10.83,18.83,83.83,10.0,2.0,0.48,0.75,0.35,0.57
Rider,200.0,21.36,56.73,12.36,17.64,4.18,16.36,11.0,24.09,35.09,8.18,5.45,3.82,13.45,16.73,59.27,1.0,10.0,0.38,0.71,0.27,0.43
Ripon,200.0,21.0,61.0,9.0,14.0,12.0,31.0,7.0,21.0,28.0,16.0,5.0,0.0,13.0,23.0,63.0,0.0,1.0,0.34,0.64,0.39,0.3
Rivier,200.0,20.0,68.0,8.0,10.0,7.0,36.0,10.0,14.0,24.0,7.0,6.0,3.0,14.0,22.0,55.0,0.0,1.0,0.29,0.8,0.19,0.41
Robert Morris,205.0,28.67,61.93,11.27,16.47,8.07,23.47,13.27,22.87,36.13,16.67,6.13,2.27,11.73,20.27,76.67,11.0,4.0,0.46,0.68,0.34,0.53
Roberts Wesleyan,200.0,23.0,72.0,12.0,21.0,10.0,36.0,7.0,13.0,20.0,12.0,7.0,1.0,14.0,24.0,68.0,0.0,1.0,0.32,0.57,0.28,0.36
Rochester Tech,200.0,23.0,54.0,9.5,13.5,4.5,14.5,5.5,21.0,26.5,10.5,6.5,3.0,12.5,16.5,60.0,0.0,2.0,0.43,0.71,0.31,0.48
Rockford,200.0,17.0,61.0,7.0,8.0,7.0,32.0,12.0,14.0,26.0,8.0,5.0,0.0,9.0,15.0,48.0,0.0,1.0,0.28,0.88,0.22,0.34
Rosemont,200.0,5.0,40.0,10.0,13.0,3.0,20.0,2.0,14.0,16.0,3.0,9.0,1.0,14.0,21.0,23.0,0.0,1.0,0.12,0.77,0.15,0.1
Rowan,200.0,24.0,68.0,14.0,21.0,10.0,31.0,7.0,19.0,26.0,14.0,9.0,7.0,18.0,31.0,72.0,0.0,1.0,0.35,0.67,0.32,0.38
Rust,200.0,23.0,67.0,7.0,8.0,2.0,19.0,9.0,20.0,29.0,9.0,9.0,4.0,15.0,13.0,55.0,0.0,1.0,0.34,0.88,0.1,0.44
Rutgers,200.0,23.25,56.5,16.17,23.25,6.33,19.17,10.08,21.33,31.42,10.75,5.92,3.58,11.25,16.25,69.0,6.0,6.0,0.41,0.69,0.33,0.45
Rutgers-Camden,200.0,24.0,75.0,4.0,8.0,9.0,30.0,9.0,10.0,19.0,15.0,12.0,1.0,9.0,18.0,61.0,0.0,1.0,0.32,0.5,0.3,0.33
SIU-Edwardsville,202.08,28.67,62.92,13.08,19.42,7.33,22.5,10.33,24.92,35.25,14.25,8.92,3.92,10.33,15.75,77.75,7.0,5.0,0.45,0.67,0.33,0.52
SMU,204.17,31.92,64.42,18.58,24.17,7.08,21.42,10.83,25.33,36.17,18.08,8.58,3.67,11.25,17.08,89.5,10.0,2.0,0.49,0.75,0.33,0.58
SUNY Cobleskill,200.0,20.0,57.0,5.0,9.0,5.0,18.0,10.0,20.0,30.0,11.0,4.0,3.0,23.0,12.0,50.0,0.0,1.0,0.35,0.56,0.28,0.38
SUNY Delhi,200.0,20.0,68.0,10.0,16.0,2.0,16.0,11.0,15.0,26.0,6.0,10.0,1.0,15.0,10.0,52.0,0.0,1.0,0.29,0.62,0.12,0.35
SUNY Maritime,200.0,17.0,59.5,9.5,15.5,7.5,28.0,7.5,19.5,27.0,11.0,6.5,4.5,17.5,13.0,51.0,0.0,2.0,0.28,0.49,0.26,0.3
SUNY Oneonta,200.0,22.0,64.5,8.0,13.0,4.0,16.0,6.0,14.0,20.0,7.5,5.5,2.0,5.5,11.0,56.0,0.0,2.0,0.34,0.63,0.25,0.37
SUNY Plattsburgh,200.0,20.0,58.0,15.0,18.0,7.0,27.0,2.0,18.0,20.0,10.0,6.0,2.0,11.0,13.0,62.0,0.0,1.0,0.34,0.83,0.26,0.42
Sacramento State,200.0,25.09,62.36,17.09,22.64,8.27,24.91,10.64,25.36,36.0,13.73,7.0,4.45,12.45,19.09,75.55,4.0,7.0,0.4,0.76,0.32,0.45
Sacred Heart,202.08,27.08,62.08,12.67,16.42,11.42,31.67,10.17,20.75,30.92,15.25,8.25,2.42,12.5,16.17,78.25,5.0,7.0,0.43,0.75,0.36,0.51
Saint Francis (PA),200.0,25.92,62.69,9.23,13.23,7.46,23.62,8.77,21.69,30.46,13.54,7.85,2.62,13.23,17.46,68.54,2.0,11.0,0.41,0.69,0.31,0.47
Saint John's (MN),200.0,20.0,62.0,9.0,17.0,7.0,27.0,6.0,28.0,34.0,11.0,3.0,2.0,8.0,22.0,56.0,0.0,1.0,0.32,0.53,0.26,0.37
Saint Leo,200.0,17.0,57.0,14.0,17.0,7.0,33.0,6.0,12.0,18.0,8.0,7.0,1.0,16.0,14.0,55.0,0.0,1.0,0.3,0.82,0.21,0.42
Saint Louis,200.0,32.08,62.92,18.42,23.5,10.25,27.42,10.75,29.92,40.67,18.58,7.58,2.83,13.0,18.25,92.83,11.0,1.0,0.51,0.78,0.37,0.62
Saint Mary's,200.0,26.83,57.25,19.42,24.33,7.33,19.92,11.0,26.58,37.58,14.75,5.75,3.42,11.17,16.67,80.42,10.0,2.0,0.47,0.8,0.36,0.53
Saint Mary-of-the-Woods College,200.0,26.0,65.0,3.0,5.0,2.0,16.0,8.0,19.0,27.0,8.0,9.0,3.0,16.0,14.0,57.0,0.0,1.0,0.4,0.6,0.12,0.49
Saint Xavier (IL),200.0,22.5,57.0,7.0,13.0,11.5,32.5,4.0,19.0,23.0,8.5,9.0,2.5,16.0,20.0,63.5,0.0,2.0,0.4,0.5,0.35,0.46
Salish Kootenai,200.0,17.0,64.0,6.0,11.0,6.0,30.0,6.0,14.0,20.0,10.0,7.0,1.0,11.0,10.0,46.0,0.0,1.0,0.27,0.55,0.2,0.32
Salve Regina,200.0,17.0,52.0,10.0,13.0,3.0,20.0,7.0,21.0,28.0,4.0,4.0,0.0,12.0,16.0,47.0,0.0,1.0,0.33,0.77,0.15,0.44
Sam Houston,200.0,29.82,66.0,16.73,21.82,9.09,26.55,12.82,25.45,38.27,15.27,7.55,3.45,12.0,20.55,85.45,7.0,4.0,0.45,0.76,0.34,0.53
Samford,203.85,26.08,61.46,15.62,23.62,9.46,29.38,8.62,25.31,33.92,14.15,5.15,3.0,9.46,15.38,77.23,7.0,6.0,0.43,0.65,0.31,0.53
San Diego,200.0,26.64,60.36,12.73,16.09,9.09,26.91,9.36,18.55,27.91,15.64,8.18,3.82,12.55,18.09,75.09,5.0,6.0,0.44,0.76,0.34,0.52
San Diego State,205.0,27.1,59.0,16.0,21.2,7.9,20.4,9.4,21.8,31.2,16.1,7.9,4.8,12.6,19.2,78.1,6.0,4.0,0.46,0.77,0.37,0.51
San Francisco,200.0,25.77,55.85,15.85,22.54,9.54,26.46,9.15,24.92,34.08,15.15,5.54,3.77,11.38,18.23,76.92,8.0,5.0,0.46,0.7,0.37,0.55
San Francisco State,200.0,20.5,62.5,8.5,14.5,7.0,30.0,4.5,24.5,29.0,13.5,4.0,3.0,13.5,24.0,56.5,0.0,2.0,0.33,0.57,0.25,0.41
San Jose State,202.08,26.67,58.67,13.83,19.33,7.67,20.75,10.42,20.0,30.42,11.5,6.25,1.83,11.42,16.92,74.83,5.0,7.0,0.46,0.72,0.37,0.5
Santa Clara,200.0,29.31,65.77,11.08,16.15,9.38,30.0,12.69,20.77,33.46,18.15,8.31,4.85,11.69,20.0,79.08,9.0,4.0,0.45,0.67,0.32,0.56
Sarah Lawrence,200.0,18.0,71.0,1.0,1.0,7.0,33.0,5.0,20.0,25.0,12.0,4.0,5.0,9.0,14.0,44.0,0.0,1.0,0.25,1.0,0.21,0.29
Schreiner,200.0,22.0,81.0,4.0,7.0,6.0,31.0,11.0,13.0,24.0,12.0,11.0,2.0,8.0,13.0,54.0,0.0,1.0,0.27,0.57,0.19,0.32
Seattle,200.0,29.58,58.0,15.08,21.67,7.58,20.42,9.0,23.67,32.67,15.0,8.83,5.42,12.58,16.67,81.83,10.0,2.0,0.51,0.69,0.37,0.58
Seton Hall,200.0,27.08,58.5,16.0,21.33,6.0,17.75,10.25,22.58,32.83,15.17,11.0,6.17,9.92,19.25,76.17,11.0,1.0,0.47,0.75,0.34,0.52
Shaw,200.0,32.0,63.0,4.0,12.0,11.0,25.0,7.0,14.0,21.0,14.0,13.0,3.0,9.0,16.0,79.0,0.0,1.0,0.51,0.33,0.44,0.55
Siena,200.0,25.58,55.75,14.17,19.92,5.0,17.25,9.17,22.0,31.17,13.17,7.25,3.17,10.33,13.83,70.33,9.0,3.0,0.46,0.73,0.27,0.54
Siena Heights,200.0,20.0,54.0,15.0,22.0,5.0,24.0,4.0,11.0,15.0,10.0,10.0,1.0,11.0,20.0,60.0,0.0,1.0,0.37,0.68,0.21,0.5
Simpson (CA),200.0,18.0,50.0,10.0,13.0,4.0,20.0,3.0,11.0,14.0,6.0,7.0,2.0,17.0,10.0,50.0,0.0,1.0,0.36,0.77,0.2,0.47
Simpson (IA),200.0,19.0,65.0,3.0,6.0,10.0,35.0,6.0,23.0,29.0,12.0,7.0,2.0,15.0,17.0,51.0,0.0,1.0,0.29,0.5,0.29,0.3
South Alabama,203.85,26.77,57.0,15.0,22.38,6.38,19.31,7.62,24.38,32.0,11.38,8.23,2.69,9.08,12.23,74.92,9.0,4.0,0.47,0.66,0.32,0.54
South Carolina,204.55,26.64,59.18,16.55,21.36,8.55,28.55,8.36,24.64,33.0,14.82,5.0,2.36,9.45,18.55,78.36,7.0,4.0,0.45,0.78,0.29,0.59
South Carolina State,200.0,23.0,58.69,13.54,21.08,6.08,18.38,10.08,18.46,28.54,11.0,6.62,2.92,14.62,21.85,65.62,1.0,12.0,0.39,0.66,0.34,0.42
South Dakota,203.57,28.21,62.36,20.79,29.07,6.21,18.93,11.64,21.29,32.93,11.36,7.5,2.79,12.79,17.0,83.43,7.0,7.0,0.45,0.7,0.31,0.5
South Dakota State,200.0,26.5,58.07,13.64,19.79,8.36,24.64,10.0,24.71,34.71,14.57,6.14,2.21,11.64,16.71,75.0,7.0,7.0,0.45,0.68,0.34,0.55
South Florida,201.92,28.62,65.15,21.77,29.15,9.23,28.38,12.54,24.23,36.77,16.46,9.62,4.54,11.85,21.38,88.23,8.0,5.0,0.44,0.73,0.32,0.54
Southeast Missouri State,200.0,28.69,62.0,15.08,21.08,6.62,23.08,9.31,23.15,32.46,13.46,6.77,3.23,12.46,20.38,79.08,6.0,7.0,0.46,0.7,0.29,0.57
Southeastern Louisiana,202.08,22.42,55.08,14.58,20.5,6.17,23.42,8.58,20.92,29.5,12.33,8.33,2.58,11.75,18.75,65.58,4.0,8.0,0.41,0.72,0.28,0.52
Southern,204.17,31.08,65.75,15.08,22.5,8.08,22.08,10.08,23.58,33.67,15.42,10.33,3.5,13.08,19.83,85.33,4.0,8.0,0.47,0.67,0.37,0.53
Southern Arkansas,200.0,25.0,67.0,12.0,18.0,8.0,27.0,10.0,23.0,33.0,8.0,11.0,1.0,13.0,18.0,70.0,0.0,1.0,0.37,0.67,0.3,0.42
Southern Illinois,203.85,29.77,61.08,14.62,21.77,4.62,16.85,9.92,25.92,35.85,14.77,8.23,3.38,12.69,18.0,78.77,6.0,7.0,0.49,0.68,0.28,0.57
Southern Indiana,202.08,24.5,62.17,13.67,21.83,8.92,27.92,9.92,24.33,34.25,11.75,6.33,5.0,10.92,17.92,71.58,3.0,9.0,0.39,0.63,0.32,0.45
Southern Miss,201.92,26.77,57.69,17.23,23.77,5.69,18.23,10.0,23.85,33.85,12.62,7.54,3.85,12.0,19.15,76.46,7.0,6.0,0.46,0.72,0.3,0.53
Southern University at New Orleans,200.0,19.0,60.0,13.0,18.0,4.0,18.0,10.0,19.0,29.0,11.0,5.0,3.0,16.0,21.0,55.0,0.0,1.0,0.32,0.72,0.22,0.36
Southern Utah,200.0,28.92,63.46,12.38,17.08,7.46,23.92,9.0,24.77,33.77,14.92,5.77,4.38,13.08,15.92,77.69,4.0,9.0,0.45,0.72,0.3,0.54
Southern Virginia,200.0,16.5,53.0,14.0,22.0,4.0,24.0,6.5,27.0,33.5,8.0,3.0,2.0,18.5,18.0,51.0,0.0,2.0,0.31,0.6,0.17,0.43
Southern Wesleyan,200.0,24.33,65.0,10.33,15.0,8.33,26.33,10.67,20.33,31.0,8.0,5.0,2.0,14.33,12.33,67.33,0.0,3.0,0.38,0.69,0.32,0.42
Southwestern Adventist,200.0,17.33,52.0,11.33,15.0,4.67,17.67,4.0,13.33,17.33,7.33,6.0,0.33,19.0,14.33,50.67,0.0,3.0,0.33,0.76,0.24,0.37
Southwestern Christian,200.0,22.67,63.33,8.67,15.0,8.33,32.33,4.67,17.33,22.0,11.33,6.0,1.33,13.0,13.67,62.33,0.0,3.0,0.36,0.57,0.26,0.46
Spring Hill,200.0,19.0,62.0,1.0,3.0,11.0,42.0,6.0,24.0,30.0,11.0,4.0,3.0,17.0,18.0,50.0,0.0,1.0,0.31,0.33,0.26,0.4
Spurgeon College,200.0,29.0,78.0,9.0,12.0,8.0,29.0,12.0,18.0,30.0,16.0,15.0,3.0,16.0,27.0,75.0,0.0,1.0,0.37,0.75,0.28,0.43
St. Ambrose,200.0,29.0,56.0,5.0,9.0,10.0,23.0,4.0,18.0,22.0,15.0,7.0,5.0,12.0,15.0,73.0,0.0,1.0,0.52,0.56,0.44,0.58
St. Bonaventure,201.92,28.77,60.92,13.77,18.15,7.08,18.77,11.62,22.62,34.23,16.23,8.08,5.08,11.85,15.62,78.38,11.0,2.0,0.47,0.75,0.38,0.52
St. Elizabeth,200.0,18.0,53.0,16.0,24.0,6.0,22.0,5.0,10.0,15.0,7.0,5.0,3.0,10.0,18.0,58.0,0.0,1.0,0.34,0.67,0.27,0.39
St. Francis (IL),200.0,21.0,49.0,7.0,9.0,6.0,19.0,4.0,11.0,15.0,16.0,7.0,4.0,23.0,10.0,55.0,0.0,1.0,0.43,0.78,0.32,0.5
St. John Fisher,200.0,19.0,58.0,7.0,12.0,5.0,23.0,7.0,14.0,21.0,9.0,5.0,0.0,18.0,16.0,50.0,0.0,1.0,0.33,0.58,0.22,0.4
St. John's (NY),200.0,28.45,60.91,21.36,28.82,7.64,22.36,11.45,24.09,35.55,16.0,8.73,5.64,12.55,18.0,85.91,7.0,4.0,0.46,0.74,0.34,0.53
St. Joseph's,200.0,25.73,61.18,16.45,21.09,7.18,26.09,12.0,26.36,38.36,15.82,6.18,5.55,12.18,16.36,75.09,7.0,4.0,0.42,0.78,0.27,0.53
St. Joseph'sâBrooklyn,200.0,22.0,64.0,6.0,13.0,9.0,28.0,7.0,13.0,20.0,10.0,5.0,1.0,14.0,20.0,59.0,0.0,1.0,0.34,0.46,0.32,0.36
St. Joseph'sâLong Island,200.0,14.0,56.0,8.0,15.0,7.0,25.0,8.0,17.0,25.0,9.0,7.0,1.0,23.0,10.0,43.0,0.0,1.0,0.25,0.53,0.28,0.23
St. Louis College of Pharmacy,200.0,21.0,59.0,7.0,17.0,2.0,16.0,6.0,16.0,22.0,6.0,7.0,1.0,21.0,11.0,51.0,0.0,1.0,0.36,0.41,0.12,0.44
St. Mary's (MD),200.0,18.0,53.0,19.0,30.0,6.0,25.0,8.0,16.0,24.0,6.0,5.0,3.0,21.0,23.0,61.0,0.0,1.0,0.34,0.63,0.24,0.43
St. Peter's,202.78,22.56,59.33,15.0,19.11,7.78,26.33,10.33,18.44,28.78,11.56,10.67,2.89,9.78,22.0,67.89,4.0,5.0,0.38,0.81,0.29,0.45
St. Scholastica,200.0,13.0,52.0,8.0,15.0,4.0,19.0,6.0,16.0,22.0,5.0,6.0,1.0,23.0,11.0,38.0,0.0,1.0,0.25,0.53,0.21,0.27
St. Thomas,200.0,28.64,58.0,13.29,18.64,8.43,26.14,4.64,23.64,28.29,16.29,8.93,2.64,8.86,15.43,79.0,10.0,4.0,0.5,0.71,0.33,0.64
St. Thomas (TX),225.0,26.0,58.0,21.0,29.0,10.0,21.0,7.0,21.0,28.0,15.0,15.0,3.0,16.0,23.0,83.0,0.0,1.0,0.45,0.72,0.48,0.43
Stanford,200.0,26.58,60.08,19.5,26.92,8.67,24.75,10.92,22.0,32.92,12.83,8.83,3.25,10.42,17.33,81.33,10.0,2.0,0.45,0.72,0.35,0.51
Stanton University,200.0,29.0,59.0,5.0,10.0,7.0,16.0,6.0,11.0,17.0,8.0,3.0,1.0,7.0,14.0,70.0,0.0,1.0,0.49,0.5,0.44,0.51
Stephen F. Austin,200.0,30.36,65.64,10.45,17.09,10.0,26.27,11.09,24.91,36.0,15.64,6.91,5.0,9.09,18.45,81.18,9.0,2.0,0.46,0.65,0.38,0.51
Stetson,200.0,24.92,58.17,11.5,18.42,8.67,26.08,9.42,22.0,31.42,13.58,6.75,2.0,12.92,14.33,70.0,4.0,8.0,0.42,0.62,0.31,0.51
Stonehill,202.08,25.83,60.0,9.92,14.33,8.08,23.83,9.67,27.08,36.75,13.58,4.92,3.92,14.33,16.83,69.67,3.0,9.0,0.43,0.68,0.33,0.49
Stony Brook,201.92,25.15,59.69,12.38,17.46,8.77,25.54,8.38,23.31,31.69,13.0,7.46,3.69,10.31,15.54,71.46,8.0,5.0,0.42,0.72,0.35,0.48
Syracuse,202.08,26.92,57.75,14.33,23.83,6.25,21.0,9.17,23.0,32.17,13.17,7.08,6.58,10.83,15.75,74.42,8.0,4.0,0.47,0.61,0.3,0.56
TCU,202.08,26.83,59.58,16.33,22.5,7.42,22.92,10.08,22.67,32.75,15.08,8.08,5.25,10.83,15.83,77.42,9.0,3.0,0.45,0.72,0.32,0.53
Tarleton State,200.0,28.38,59.62,18.23,23.62,5.62,16.08,9.38,22.31,31.69,13.38,11.31,3.15,14.62,19.15,80.62,9.0,4.0,0.47,0.76,0.34,0.51
Temple,200.0,26.0,54.83,19.08,25.92,7.75,20.58,6.75,23.0,29.75,13.58,5.17,4.17,7.92,16.42,78.83,7.0,5.0,0.48,0.74,0.38,0.54
Tennessee,200.0,29.67,61.75,15.25,21.33,7.58,21.92,13.33,27.25,40.58,19.0,7.75,3.67,12.33,17.0,82.17,9.0,3.0,0.48,0.69,0.35,0.56
Tennessee State,200.0,28.5,64.58,17.08,23.0,5.5,19.92,11.25,24.58,35.83,12.75,10.67,3.0,13.92,19.5,79.58,7.0,5.0,0.44,0.73,0.27,0.51
Tennessee Tech,200.0,28.08,59.77,15.92,21.62,7.62,23.46,8.46,24.62,33.08,14.85,7.62,3.62,14.23,17.62,79.69,6.0,7.0,0.47,0.7,0.33,0.56
Tennessee Wesleyan,200.0,25.0,66.0,8.5,11.0,9.5,32.5,5.5,20.5,26.0,12.5,9.5,3.0,15.5,15.5,68.0,0.0,2.0,0.37,0.74,0.29,0.45
Texas,200.0,28.18,59.0,20.64,28.73,7.55,22.64,11.64,26.36,38.0,13.18,5.82,3.09,10.36,19.27,84.55,7.0,4.0,0.48,0.72,0.32,0.58
Texas A&M,202.08,31.58,64.75,20.17,26.83,11.67,30.42,10.33,24.17,34.5,22.17,9.5,3.08,12.17,18.83,95.0,9.0,3.0,0.48,0.75,0.38,0.57
Texas A&M-Corpus Christi,200.0,28.09,63.18,13.27,20.27,6.91,21.09,10.91,26.09,37.0,15.91,8.73,3.82,12.82,20.0,76.36,5.0,6.0,0.44,0.65,0.32,0.5
Texas A&MâSan Antonio,200.0,17.0,54.5,13.5,22.0,6.5,23.0,6.5,17.0,23.5,10.0,7.5,2.5,17.5,21.5,54.0,0.0,2.0,0.31,0.61,0.29,0.33
Texas Lutheran,199.5,18.0,56.5,6.0,12.0,6.0,22.0,4.5,13.5,18.0,8.5,5.0,2.5,17.0,18.0,48.0,0.0,2.0,0.32,0.53,0.27,0.35
Texas Southern,203.11,25.33,59.22,15.22,22.44,5.33,18.11,8.11,21.44,29.56,9.44,6.22,2.78,14.89,21.44,71.22,1.0,8.0,0.43,0.69,0.31,0.48
Texas State,201.79,26.64,57.86,15.64,20.86,4.79,14.57,10.29,23.07,33.36,13.57,9.43,4.36,13.29,17.57,73.71,8.0,6.0,0.46,0.73,0.34,0.51
Texas Tech,200.0,29.67,63.25,13.5,20.25,10.67,28.67,11.5,23.0,34.5,15.42,7.0,3.5,9.5,16.5,83.5,9.0,3.0,0.47,0.66,0.37,0.55
Texas-Permian Basin,200.0,17.0,47.0,14.0,25.0,8.0,23.0,9.0,24.0,33.0,13.0,6.0,1.0,20.0,24.0,56.0,0.0,1.0,0.36,0.56,0.35,0.38
Texas-Rio Grande Valley,200.0,28.55,60.91,10.82,15.36,9.91,24.55,8.64,25.82,34.45,16.36,6.36,2.45,10.36,18.0,77.82,5.0,6.0,0.46,0.71,0.39,0.52
The Citadel,200.0,25.36,59.14,9.93,15.36,9.14,28.71,9.29,21.86,31.14,12.5,4.93,1.86,9.64,16.57,69.79,3.0,11.0,0.43,0.66,0.3,0.53
Thiel,200.0,22.0,60.0,5.0,8.0,3.0,10.0,10.0,12.0,22.0,5.0,2.0,1.0,14.0,7.0,52.0,0.0,1.0,0.37,0.62,0.3,0.38
Thomas (ME),200.0,14.0,59.0,12.0,22.0,8.0,29.0,7.0,18.0,25.0,7.0,3.0,2.0,12.0,27.0,48.0,0.0,1.0,0.24,0.55,0.28,0.2
Tiffin,200.0,18.0,50.0,8.0,11.0,6.0,17.0,4.0,19.0,23.0,11.0,7.0,5.0,11.0,15.0,50.0,0.0,1.0,0.36,0.73,0.35,0.36
Toccoa Falls,200.0,21.25,63.0,18.5,25.5,5.25,23.75,9.25,20.0,29.25,9.25,8.0,1.0,16.0,16.5,66.25,0.0,4.0,0.34,0.73,0.21,0.4
Toledo,200.0,30.5,63.67,14.67,18.58,7.25,21.25,10.17,21.08,31.25,17.33,7.92,3.0,10.5,14.5,82.92,6.0,6.0,0.48,0.79,0.34,0.54
Tougaloo,200.0,23.5,59.0,14.0,20.0,3.5,15.5,5.5,20.5,26.0,11.5,9.0,2.5,16.0,23.0,64.5,0.0,2.0,0.4,0.71,0.23,0.45
Towson,200.0,26.92,61.25,11.17,16.33,6.58,22.33,12.25,23.75,36.0,10.75,6.75,3.17,10.83,14.92,71.58,7.0,5.0,0.44,0.67,0.29,0.52
Trinity (FL),200.0,15.0,58.0,14.0,17.0,1.0,21.0,3.0,15.0,18.0,5.0,6.0,1.0,21.0,20.0,45.0,0.0,1.0,0.26,0.82,0.05,0.38
Trinity (TX),200.0,18.0,54.0,14.0,20.0,6.0,28.0,8.0,21.0,29.0,9.0,9.0,2.0,18.0,17.0,56.0,0.0,1.0,0.33,0.7,0.21,0.46
Trinity Baptist,200.0,24.0,63.0,10.0,14.0,9.0,30.0,10.0,15.0,25.0,9.0,6.0,1.0,19.0,26.0,67.0,0.0,1.0,0.38,0.71,0.3,0.46
Trinity Christian,200.0,16.5,65.0,13.0,18.0,3.0,23.5,9.5,8.0,17.5,5.0,7.0,1.0,16.5,22.5,49.0,0.0,2.0,0.25,0.7,0.12,0.33
Troy,215.38,29.62,65.62,18.38,24.92,9.92,29.31,11.0,26.23,37.23,16.62,9.69,3.08,13.15,18.85,87.54,8.0,5.0,0.45,0.74,0.34,0.54
Tulane,201.92,23.38,53.85,19.85,25.69,6.77,23.08,6.62,20.54,27.15,12.54,8.38,4.54,10.08,17.15,73.38,9.0,4.0,0.43,0.77,0.29,0.54
Tulsa,200.0,28.75,59.08,20.58,26.33,11.25,28.92,9.75,25.25,35.0,17.08,6.83,2.33,10.0,15.42,89.33,11.0,1.0,0.48,0.79,0.4,0.57
Tusculum,200.0,23.5,69.5,5.0,8.5,8.0,30.0,14.0,23.0,37.0,9.0,6.5,4.0,16.0,16.0,60.0,0.0,2.0,0.34,0.53,0.26,0.39
UAB,200.0,30.38,65.85,16.54,23.77,5.92,20.54,12.54,26.08,38.62,15.08,8.62,3.38,9.23,13.85,83.23,9.0,4.0,0.46,0.69,0.28,0.54
UC Merced,200.0,15.0,54.0,10.0,15.0,2.0,14.0,8.0,19.0,27.0,8.0,5.0,5.0,18.0,20.0,42.0,0.0,1.0,0.28,0.67,0.14,0.32
UC-Davis,200.0,26.64,56.09,16.09,21.55,7.82,23.27,7.09,21.0,28.09,14.91,7.45,2.91,12.73,18.73,77.18,6.0,5.0,0.48,0.76,0.34,0.57
UC-Irvine,201.79,27.79,60.57,15.5,23.64,6.07,17.71,9.93,28.5,38.43,17.5,6.86,6.43,11.79,17.29,77.14,9.0,5.0,0.44,0.65,0.34,0.48
UC-Riverside,200.0,25.79,57.07,14.79,20.36,7.5,21.64,8.57,23.93,32.5,13.0,4.71,4.29,12.43,17.21,73.86,6.0,8.0,0.46,0.71,0.34,0.52
UC-San Diego,200.0,29.58,59.08,13.75,20.42,9.67,25.17,7.92,25.83,33.75,15.83,7.83,2.08,10.17,15.0,82.58,10.0,2.0,0.5,0.65,0.38,0.6
UC-Santa Cruz,200.0,20.5,55.0,8.0,12.5,9.0,21.0,2.0,13.5,15.5,13.5,7.5,4.5,17.0,19.0,58.0,0.0,2.0,0.37,0.63,0.41,0.33
UCF,200.0,32.0,64.45,15.45,20.73,9.18,22.73,12.73,23.73,36.45,17.64,5.73,3.18,11.64,17.73,88.64,10.0,1.0,0.5,0.75,0.41,0.55
UCLA,200.0,28.08,57.5,16.08,21.33,8.17,20.25,8.42,20.75,29.17,16.58,7.0,3.5,9.92,17.25,80.42,9.0,3.0,0.49,0.74,0.41,0.54
UCSB,205.77,26.08,56.0,19.69,25.54,7.92,21.38,10.15,23.92,34.08,13.92,7.38,2.69,12.15,19.08,79.77,9.0,4.0,0.47,0.76,0.36,0.53
UConn,200.0,29.23,59.0,12.62,18.08,7.38,21.46,9.15,24.62,33.77,18.15,7.15,6.0,9.77,18.62,78.46,12.0,1.0,0.5,0.7,0.35,0.58
UIC,202.08,25.92,59.67,17.17,22.5,6.75,21.33,11.75,19.25,31.0,13.75,8.67,4.33,12.25,18.08,75.75,4.0,8.0,0.44,0.77,0.32,0.5
UMBC,202.08,27.08,58.25,11.25,16.08,8.25,24.17,7.33,24.75,32.08,13.92,4.75,3.58,12.42,13.25,73.67,6.0,6.0,0.46,0.72,0.34,0.55
UMass,200.0,28.17,61.42,14.92,22.83,7.25,20.75,10.17,22.83,33.0,17.58,7.17,2.08,13.75,20.83,78.5,8.0,4.0,0.46,0.65,0.35,0.52
UMass-Lowell,200.0,27.79,58.5,16.21,24.71,6.21,18.64,10.57,23.14,33.71,14.0,5.64,2.79,13.43,15.57,78.0,5.0,9.0,0.47,0.64,0.33,0.53
UNC,200.0,27.75,59.08,16.25,23.58,8.17,25.17,10.0,28.83,38.83,17.0,5.25,4.08,9.92,15.17,79.92,11.0,1.0,0.47,0.68,0.33,0.59
UNC Asheville,201.79,26.07,55.21,14.36,20.43,7.21,20.07,8.14,23.71,31.86,11.93,5.79,2.86,13.29,17.36,73.71,6.0,8.0,0.47,0.7,0.36,0.54
UNC Greensboro,201.92,26.69,58.62,16.92,24.54,8.08,23.62,8.23,24.77,33.0,13.31,5.31,1.69,10.85,15.62,78.38,4.0,9.0,0.45,0.69,0.34,0.51
UNC Wilmington,200.0,26.67,58.92,17.83,25.67,7.67,21.83,12.83,24.75,37.58,13.42,4.75,1.92,9.75,16.33,78.83,10.0,2.0,0.45,0.7,0.34,0.52
UNLV,200.0,27.82,60.27,19.27,28.09,6.27,21.64,9.73,22.73,32.45,15.64,8.91,3.91,12.73,21.82,81.18,5.0,6.0,0.46,0.68,0.29,0.56
USC,205.77,29.54,59.69,22.92,31.15,7.38,20.23,10.0,25.0,35.0,17.38,6.92,6.46,11.92,19.38,89.38,12.0,1.0,0.5,0.73,0.36,0.56
USC Upstate,201.67,27.73,60.53,15.07,21.8,8.13,23.6,9.33,25.87,35.2,13.93,6.67,4.67,11.27,17.53,78.67,8.0,7.0,0.46,0.67,0.34,0.53
UT Arlington,200.0,26.64,57.45,14.73,21.55,5.0,17.91,11.73,23.55,35.27,13.73,7.82,4.36,14.45,18.91,73.0,7.0,4.0,0.46,0.68,0.29,0.55
UT-Martin,200.0,25.92,58.38,15.69,23.62,8.77,27.08,12.69,26.23,38.92,15.38,9.31,4.23,15.0,17.31,76.31,9.0,4.0,0.45,0.67,0.32,0.55
UT-Southern,200.0,21.0,55.0,8.0,8.0,10.0,24.0,5.0,19.0,24.0,15.0,7.0,0.0,15.0,15.0,60.0,0.0,1.0,0.38,1.0,0.42,0.36
UTEP,202.5,26.4,59.2,13.1,20.7,6.1,20.0,9.7,20.2,29.9,12.8,9.1,3.9,12.4,20.7,72.0,3.0,7.0,0.44,0.63,0.31,0.51
UTSA,200.0,25.36,64.64,12.82,20.0,8.0,27.36,11.36,24.82,36.18,11.82,7.55,4.36,11.73,18.27,71.55,4.0,7.0,0.39,0.66,0.3,0.45
Union (KY),200.0,16.0,60.0,5.0,13.0,2.0,22.0,6.0,27.0,33.0,3.0,3.0,4.0,16.0,11.0,39.0,0.0,1.0,0.27,0.38,0.09,0.37
Univ. of Ft. Lauderdale,200.0,28.0,74.0,15.0,21.0,7.5,24.0,8.5,18.5,27.0,14.0,12.0,2.0,12.0,25.5,78.5,0.0,2.0,0.38,0.71,0.31,0.41
University of the Cumberlands,200.0,29.0,74.0,5.0,7.0,10.0,32.0,18.0,20.0,38.0,10.0,4.0,3.0,18.0,14.0,73.0,0.0,1.0,0.39,0.71,0.31,0.45
Utah,202.08,28.25,58.83,17.0,23.0,8.92,24.25,8.58,23.33,31.92,15.17,6.0,4.08,11.17,18.08,82.42,8.0,4.0,0.48,0.74,0.37,0.56
Utah State,202.08,30.33,59.92,14.5,20.5,8.67,22.92,9.83,22.25,32.08,18.25,10.5,3.17,11.75,18.67,83.83,10.0,2.0,0.51,0.72,0.37,0.59
Utah Tech,205.77,28.54,60.69,14.54,20.31,7.54,25.08,9.46,24.46,33.92,13.77,7.69,2.85,12.23,17.08,79.15,7.0,6.0,0.47,0.73,0.3,0.59
Utah Valley,200.0,31.62,60.85,12.69,17.77,7.85,22.0,10.85,26.77,37.62,20.46,9.92,6.23,14.23,17.23,83.77,10.0,3.0,0.52,0.74,0.36,0.61
VCU,200.0,27.83,60.58,19.33,26.83,10.5,28.33,12.0,23.58,35.58,15.67,8.17,4.83,11.92,18.0,85.5,8.0,4.0,0.46,0.72,0.37,0.54
VMI,200.0,26.23,63.38,14.08,19.31,11.54,34.23,9.92,23.23,33.15,13.69,8.0,3.0,10.23,17.31,78.08,5.0,8.0,0.41,0.72,0.33,0.49
VTSU Johnson,200.0,21.33,59.0,6.33,12.67,8.33,26.67,4.67,15.0,19.67,7.33,5.0,1.33,12.0,13.67,57.33,0.0,3.0,0.36,0.5,0.31,0.4
VTSU Lyndon,200.0,17.0,48.0,11.0,18.0,6.0,18.0,5.0,18.0,23.0,11.0,3.0,2.0,24.0,11.0,51.0,0.0,1.0,0.35,0.61,0.33,0.37
Valley Forge,200.0,19.0,69.0,11.0,13.0,3.0,21.0,11.0,19.0,30.0,9.0,7.0,4.0,16.0,20.0,52.0,0.0,1.0,0.28,0.85,0.14,0.33
Valparaiso,202.08,25.92,62.0,14.17,20.33,7.33,23.75,11.25,22.92,34.17,12.67,6.42,4.25,10.25,18.25,73.33,6.0,6.0,0.42,0.69,0.32,0.48
Vanderbilt,202.08,32.42,64.0,18.17,23.92,11.08,29.92,8.92,26.08,35.0,19.58,10.67,5.08,9.75,20.83,94.08,12.0,0.0,0.51,0.76,0.37,0.63
Vassar,200.0,25.0,64.0,6.0,10.0,5.0,25.0,9.0,17.0,26.0,10.0,2.0,2.0,8.0,8.0,61.0,0.0,1.0,0.39,0.6,0.2,0.51
Vermont,203.57,27.5,57.5,13.79,18.43,9.29,26.64,8.14,24.5,32.64,13.86,4.71,2.71,9.5,17.86,78.07,8.0,6.0,0.48,0.74,0.35,0.6
Villanova,202.27,28.36,61.0,12.64,18.18,10.64,29.0,10.91,22.0,32.91,16.36,7.27,2.18,9.36,15.91,80.0,9.0,2.0,0.47,0.68,0.36,0.56
Virginia,200.0,29.45,60.73,16.91,24.64,10.64,26.82,12.82,24.45,37.27,17.0,7.55,6.82,9.73,19.0,86.45,10.0,1.0,0.49,0.68,0.4,0.56
Virginia State,200.0,22.0,48.0,9.0,11.0,9.0,17.0,1.0,27.0,28.0,17.0,8.0,2.0,13.0,10.0,62.0,1.0,0.0,0.46,0.82,0.53,0.42
Virginia Tech,205.77,29.77,63.31,15.08,21.46,8.46,23.54,9.85,23.69,33.54,16.08,7.54,4.08,9.0,17.62,83.08,11.0,2.0,0.47,0.7,0.36,0.53
Virginia University of Lynchburg,200.0,20.0,69.0,11.22,15.89,7.11,28.67,4.56,16.33,20.89,10.67,6.22,0.89,14.33,14.56,58.33,0.0,9.0,0.3,0.69,0.25,0.32
Voorhees,200.0,12.0,41.0,17.0,23.0,3.0,12.0,4.0,12.0,16.0,4.0,5.0,1.0,21.0,16.0,44.0,0.0,1.0,0.29,0.74,0.25,0.31
Wagner,207.5,28.1,61.3,12.5,18.3,8.5,23.3,10.4,26.2,36.6,14.5,5.9,3.0,14.6,21.3,77.2,4.0,6.0,0.46,0.66,0.37,0.51
Wake Forest,201.92,28.54,62.54,17.85,23.54,9.0,26.85,10.38,22.46,32.85,15.62,9.46,3.77,11.62,18.77,83.92,9.0,4.0,0.46,0.75,0.33,0.56
Warner Pacific,200.0,22.0,62.0,9.0,13.0,7.0,22.0,3.0,15.0,18.0,7.0,7.0,2.0,16.0,13.0,60.0,0.0,1.0,0.36,0.69,0.32,0.38
Warren Wilson,200.0,26.0,80.0,6.0,8.0,5.0,30.0,6.0,16.0,22.0,4.0,9.0,0.0,6.0,15.0,63.0,0.0,2.0,0.32,0.75,0.17,0.42
Washington,204.09,28.55,63.91,18.55,24.36,6.91,20.55,12.45,26.0,38.45,14.0,6.73,4.09,10.73,18.55,83.0,7.0,4.0,0.45,0.77,0.33,0.51
Washington & Lee,200.0,24.0,61.0,2.0,3.0,6.0,22.0,8.0,19.0,27.0,8.0,5.0,1.0,10.0,14.0,56.0,0.0,1.0,0.39,0.67,0.27,0.46
Washington Adventist,200.0,24.5,59.0,21.5,26.5,9.0,25.5,8.5,21.5,30.0,10.5,6.5,1.0,16.0,31.0,79.5,0.0,2.0,0.41,0.81,0.36,0.46
Washington College,200.0,20.0,60.5,9.0,12.0,8.5,27.0,6.5,12.5,19.0,12.5,10.0,1.0,16.5,22.0,57.5,0.0,2.0,0.33,0.73,0.32,0.37
Washington State,200.0,26.25,56.25,13.92,18.42,8.58,25.0,7.08,23.83,30.92,12.08,6.0,3.25,12.25,18.67,75.0,4.0,8.0,0.46,0.75,0.35,0.56
Waynesburg,200.0,17.0,58.0,17.0,24.0,5.0,24.0,8.0,13.0,21.0,12.0,7.0,2.0,22.0,20.0,56.0,0.0,1.0,0.29,0.71,0.21,0.35
Weber State,202.08,29.75,63.33,14.83,21.33,7.58,21.75,11.08,25.92,37.0,15.33,7.25,2.0,12.58,18.83,81.92,5.0,7.0,0.47,0.71,0.34,0.53
Webster,200.0,18.5,55.5,9.0,13.0,2.5,13.0,8.0,20.5,28.5,8.5,5.0,2.0,21.5,12.0,48.5,0.0,2.0,0.34,0.71,0.19,0.38
West Coast Baptist,200.0,15.0,64.33,10.67,17.67,3.33,27.67,5.0,20.0,25.0,5.33,4.67,1.67,15.0,9.67,44.0,0.0,3.0,0.24,0.6,0.13,0.32
West Georgia,204.55,28.27,64.91,12.27,17.82,7.64,21.0,11.0,24.45,35.45,13.64,7.27,5.36,11.45,16.0,76.45,6.0,5.0,0.43,0.69,0.37,0.46
West Virginia,205.75,25.25,56.33,16.58,24.25,8.25,23.5,9.83,23.42,33.25,14.0,7.42,3.17,10.17,14.58,75.33,8.0,4.0,0.45,0.68,0.35,0.52
West Virginia Wesleyan,200.0,23.0,62.0,8.0,9.0,7.0,24.0,8.0,12.0,20.0,11.0,13.0,4.0,16.0,13.0,61.0,0.0,1.0,0.37,0.89,0.29,0.42
Western Carolina,200.0,28.64,64.45,12.18,17.82,7.82,25.64,11.27,24.36,35.64,13.64,7.73,3.0,13.55,20.45,77.27,4.0,7.0,0.44,0.65,0.3,0.54
Western Illinois,202.08,24.83,58.33,13.67,20.5,5.5,17.67,10.5,21.08,31.58,8.08,5.5,2.25,11.17,17.0,68.83,4.0,8.0,0.43,0.66,0.3,0.47
Western Kentucky,202.27,27.73,64.09,21.09,28.36,7.91,23.0,11.09,26.73,37.82,13.82,8.55,2.73,10.64,19.91,84.45,7.0,4.0,0.43,0.74,0.32,0.48
Western Michigan,200.0,26.58,59.92,13.83,18.83,7.08,21.0,8.0,25.08,33.08,13.83,4.42,2.58,13.0,19.42,74.08,5.0,7.0,0.45,0.73,0.34,0.5
Western New England,200.0,21.0,54.0,16.0,20.0,10.0,23.0,5.0,16.0,21.0,16.0,7.0,1.0,8.0,23.0,68.0,0.0,1.0,0.39,0.8,0.44,0.36
Western New Mexico,200.0,20.0,55.0,26.0,33.0,4.0,16.0,9.0,13.0,22.0,12.0,8.0,6.0,21.0,21.0,70.0,0.0,1.0,0.36,0.79,0.25,0.41
Westminster (UT),200.0,18.0,56.0,14.0,21.0,7.0,21.5,10.0,13.5,23.5,12.5,6.5,0.5,18.0,13.5,57.0,0.0,2.0,0.32,0.66,0.32,0.31
Whitman,200.0,15.0,61.0,10.0,17.0,9.0,40.0,7.0,15.0,22.0,11.0,11.0,0.0,12.0,18.0,49.0,0.0,1.0,0.25,0.59,0.22,0.29
Whittier,200.0,21.0,64.0,12.0,24.0,7.0,29.0,7.0,28.0,35.0,10.0,6.0,1.0,14.0,19.0,61.0,0.0,1.0,0.33,0.5,0.24,0.4
Wichita State,201.92,27.31,60.0,15.54,22.54,7.77,21.46,12.62,24.31,36.92,12.23,5.62,3.69,9.31,16.62,77.92,8.0,5.0,0.45,0.69,0.35,0.51
Widener,200.0,25.0,69.0,5.0,7.0,4.0,20.0,6.0,22.0,28.0,8.0,10.0,4.0,18.0,17.0,59.0,0.0,1.0,0.36,0.71,0.2,0.43
Willamette,200.0,27.0,75.0,16.0,21.0,13.0,42.0,9.0,22.0,31.0,18.0,9.0,2.0,18.0,35.0,83.0,0.0,1.0,0.36,0.76,0.31,0.42
William & Mary,199.92,29.67,59.67,18.75,24.92,8.75,26.33,7.83,26.42,34.25,19.5,9.08,4.08,14.42,17.58,86.83,9.0,3.0,0.5,0.74,0.33,0.62
William Carey,200.0,19.5,67.0,6.5,8.5,6.5,29.0,10.0,18.5,28.5,11.5,10.0,0.5,14.0,15.0,52.0,0.0,2.0,0.3,0.76,0.22,0.36
William Jessup,200.0,30.0,72.0,8.0,13.0,8.0,23.0,13.0,28.0,41.0,17.0,10.0,2.0,9.0,21.0,76.0,0.0,1.0,0.42,0.62,0.35,0.45
William Peace,200.0,22.0,63.0,9.0,10.0,9.0,31.0,8.0,24.0,32.0,10.0,2.0,4.0,8.0,13.0,62.0,0.0,1.0,0.35,0.9,0.29,0.41
Wilmington (DE),200.0,25.0,66.0,16.0,23.0,5.0,21.0,9.0,28.0,37.0,8.0,10.0,3.0,5.0,12.0,71.0,1.0,0.0,0.38,0.7,0.24,0.44
Wilson,200.0,21.0,63.0,10.0,11.0,10.0,36.0,2.0,18.0,20.0,15.0,10.0,0.0,14.0,14.0,62.0,0.0,1.0,0.33,0.91,0.28,0.41
Winthrop,201.79,30.5,64.71,18.14,24.43,11.14,30.0,11.71,25.93,37.64,16.5,7.43,3.57,10.64,18.5,90.29,8.0,6.0,0.47,0.75,0.37,0.56
Wisconsin,202.27,28.09,63.45,16.36,20.64,10.82,32.0,10.09,24.36,34.45,15.82,7.09,3.45,10.45,17.73,83.36,7.0,4.0,0.44,0.8,0.34,0.55
Wofford,200.0,24.75,59.08,16.58,23.33,8.25,26.5,10.92,22.42,33.33,14.5,6.08,3.58,9.75,16.75,74.33,7.0,5.0,0.42,0.7,0.31,0.51
Worcester State,200.0,21.0,62.0,7.0,14.0,4.0,16.0,11.0,26.0,37.0,10.0,6.0,7.0,19.0,19.0,53.0,0.0,1.0,0.34,0.5,0.25,0.37
Wright State,202.08,29.33,61.08,11.92,17.92,7.75,22.58,9.58,21.25,30.83,14.42,9.33,4.25,10.75,18.58,78.33,5.0,7.0,0.49,0.66,0.34,0.57
Wyoming,200.0,30.67,63.08,16.83,24.0,8.25,24.0,11.08,24.92,36.0,15.75,8.42,2.42,11.08,22.67,86.42,9.0,3.0,0.48,0.72,0.34,0.57
Xavier,200.0,27.08,63.92,12.77,18.85,9.92,27.62,9.38,24.54,33.92,18.62,7.0,3.92,9.31,17.15,76.85,9.0,4.0,0.42,0.67,0.36,0.47
Yale,200.0,30.42,58.33,17.58,22.08,8.83,20.33,8.83,23.42,32.25,17.83,5.83,3.42,8.92,15.83,87.25,11.0,1.0,0.52,0.79,0.43,0.56
York (NE),200.0,20.0,69.0,6.0,8.0,12.0,44.0,7.0,22.0,29.0,13.0,2.0,2.0,12.0,13.0,58.0,0.0,1.0,0.29,0.75,0.27,0.32
Youngstown State,201.92,28.0,58.08,13.46,18.69,10.23,27.92,9.69,22.62,32.31,14.69,8.54,3.69,13.62,17.85,79.69,8.0,5.0,0.48,0.7,0.36,0.6
